Player Name,Nationality,DOB,Position,Senior Clubs Played For,wikidata_qid,transfermarkt_id,Popularity Rank,Popularity Score,Popularity Tier,Score Type,Confidence,Basis / Notes,merge_notes
Mohamed Salah,Egypt,06/15/1992,FWD,"Al Mokawloon Al Arab, Basel, Chelsea, Fiorentina, Roma, Liverpool",,,1,100,Global / all-time icon,Manual tier,High,Global football superstar / Egypt icon,
Mohamed Aboutrika,Egypt,11/07/1978,MID,"Tersana, Al Ahly, Baniyas",,,2,97,Global / all-time icon,Manual tier,High,All-time Egyptian and African club icon,
Mahmoud El-Khatib (Bibo),Egypt,10/30/1954,FWD,Al Ahly,,,3,96,Global / all-time icon,Manual tier,High,All-time Egyptian football icon,
Essam El-Hadary,Egypt,01/15/1973,GK,"Damietta, Al Ahly, Sion, Ismaily, Zamalek, Al-Merrikh, Ittihad El-Iskandary, Wadi Degla, Al-Taawoun, Nogoom",,,4,95,Global / all-time icon,Manual tier,High,World Cup / AFCON-winning Egypt icon,
Hossam Hassan,Egypt,08/10/1966,FWD,"Al Ahly, PAOK, Neuchâtel Xamax, Al Ain, Zamalek, Al-Masry, Tersana, Ittihad Alexandria",,,5,94,International superstar / elite icon,Manual tier,High,Egypt all-time national-team icon,
Omar Marmoush,Egypt,02/07/1999,FWD,"Wadi Degla, Wolfsburg, St. Pauli, Stuttgart, Eintracht Frankfurt, Manchester City",,,6,94,International superstar / elite icon,Manual tier,High,Current global-profile Egyptian star,
Ahmed Hassan,Egypt,05/02/1975,MID,"Aswan, Ismaily, Kocaelispor, Denizlispor, Gençlerbirliği, Beşiktaş, Anderlecht, Al Ahly, Zamalek",,,7,92,International superstar / elite icon,Manual tier,High,Egypt national-team legend,
Saleh Selim,Egypt,09/11/1930,FWD,Hussein Hegazi,,,8,92,International superstar / elite icon,Manual tier,High,Historic Al Ahly/Egypt icon,
Hassan Shehata,Egypt,06/19/1947,FWD,"Zamalek, Kazma",,,9,91,International superstar / elite icon,Manual tier,High,Legendary Egypt player/coach figure,
Mido (Ahmed Hossam),Egypt,02/23/1983,FWD,"Zamalek, Gent, Ajax, Celta Vigo, Marseille, Roma, Tottenham Hotspur, Middlesbrough, Wigan Athletic, West Ham United, Barnsley",,,10,91,International superstar / elite icon,Manual tier,High,European-profile Egyptian star,
Mokhtar El-Tetsh,Egypt,10/12/1905,FWD,Al Ahly,,,11,90,International superstar / elite icon,Manual tier,High,Historic Egyptian football icon,
Trézéguet (Mahmoud Hassan),Egypt,10/01/1994,MID,"Al Ahly, Anderlecht, Mouscron, Kasımpaşa, Aston Villa, İstanbul Başakşehir, Trabzonspor, Al-Rayyan",,,12,90,International superstar / elite icon,Manual tier,High,European-profile Egyptian international,
Florent Malouda,France,06/13/1980,MID,Châteauroux; Guingamp; Lyon; Chelsea; Trabzonspor; Metz; Delhi Dynamos; Wadi Degla; Differdange,,,13,89,Continental or national star,Manual tier,High,Global-profile former France/Chelsea star,
Hazem Emam,Egypt,05/10/1975,MID,"Zamalek, Udinese, De Graafschap",,,14,89,Continental or national star,Manual tier,High,Major Egyptian/Zamalek icon,
Mohamed Elneny,Egypt,07/11/1992,MID,"Al Mokawloon Al Arab, Basel, Arsenal, Beşiktaş, Al-Jazira",,,15,89,Continental or national star,Manual tier,High,European-profile Egyptian international,
Shikabala (Mahmoud Abdel Razek),Egypt,03/05/1986,MID,"Zamalek, PAOK, Al-Wasl, Sporting CP, Ismaily, Al-Raed, Apollon Smyrnis",,,16,89,Continental or national star,Manual tier,High,Major Egyptian/Zamalek icon,
Emad Moteab,Egypt,02/20/1983,FWD,"Al Ahly, Al-Ittihad, Al-Taawoun",,,17,88,Continental or national star,Manual tier,High,Egypt/Al Ahly attacking icon,
Mohamed Barakat,Egypt,11/20/1976,MID,"Sekka El Hadid, Ismaily, Al-Ahli (Jeddah), Al-Arabi (Doha), Al Ahly",,,18,88,Continental or national star,Manual tier,High,Egypt/Al Ahly attacking icon,
Mohamed Zidan,Egypt,12/11/1981,FWD,"Al-Masry, AB, Midtjylland, Werder Bremen, Mainz 05, Hamburger SV, Borussia Dortmund, Baniyas, El Entag El Harby",,,19,88,Continental or national star,Manual tier,High,European-profile Egyptian international,
Wael Gomaa,Egypt,08/03/1975,DEF,"Ghazl El Mahalla, Al Ahly, Al-Siliya",,,20,88,Continental or national star,Manual tier,High,Egypt/Al Ahly defensive icon,
Ahmed Elmohamady,Egypt,09/09/1987,DEF,"Ghazl El Mahalla, ENPPI, Sunderland, Hull City, Aston Villa",,,21,87,Continental or national star,Manual tier,High,Premier League-profile Egyptian international,
Ahmed Fathy,Egypt,11/10/1984,DEF,"Ismaily, Sheffield United, Al Ahly, Kazma, Hull City, Umm Salal, Pyramids",,,22,87,Continental or national star,Manual tier,High,Egypt/Al Ahly national-team star,
Ali Maâloul,Tunisia,01/01/1990,DEF,"CS Sfaxien, Al Ahly",,,23,87,Continental or national star,Manual tier,High,Al Ahly/Tunisia star,
Magdi Abdelghani,Egypt,07/27/1959,MID,"Al Ahly, Beira-Mar, Marbella, Zamalek, El Mokawloon",,,24,87,Continental or national star,Manual tier,High,Historic Egypt World Cup figure,
Taher Abouzeid,Egypt,04/01/1962,MID,Al Ahly,,,25,87,Continental or national star,Manual tier,High,Egypt/Al Ahly legend,
Ad-Diba (Mohamed Diab El-Attar),Egypt,11/17/1927,FWD,Ittihad Alexandria,,,26,86,Continental or national star,Manual tier,High,Historic Egyptian football legend,
Ahmed Shobair,Egypt,09/28/1960,GK,"Tanta, Al Ahly",,,27,86,Continental or national star,Manual tier,High,Egypt/Al Ahly goalkeeper icon,
Hamada Emam,Egypt,11/28/1943,FWD,Zamalek,,,28,86,Continental or national star,Manual tier,High,Zamalek/Egypt legend,
Hassan El-Shazly,Egypt,11/13/1943,FWD,Tersana,,,29,86,Continental or national star,Manual tier,High,Historic Egyptian league legend,
Mohamed El-Shenawy,Egypt,12/18/1988,GK,"Al Ahly, Tala'ea El Gaish, Haras El Hodoud, Petrojet",,,30,86,Continental or national star,Manual tier,High,Egypt/Al Ahly goalkeeper star,
Mostafa Mohamed,Egypt,11/28/1997,FWD,"Zamalek, El Dakhleya, Tanta, Tala'ea El Gaish, Galatasaray, Nantes",,,31,86,Continental or national star,Manual tier,High,European-profile Egyptian striker,
Percy Tau,South African,05/13/1994,FWD,"Mamelodi Sundowns, Witbank Spurs, Brighton & Hove Albion, Union SG, Club Brugge, Anderlecht, Al Ahly",,,32,86,Continental or national star,Manual tier,High,African/Al Ahly star,
Ramadan Sobhi,Egypt,01/23/1997,FWD,"Al Ahly, Stoke City, Huddersfield Town, Pyramids",,,33,86,Continental or national star,Manual tier,High,High-profile Egyptian winger,
Abdallah El-Said,Egypt,07/13/1985,MID,"Ismaily, Al Ahly, KuPS, Al-Ahli (Jeddah), Pyramids, Zamalek",,,34,85,Continental or national star,Manual tier,High,Major Egyptian playmaker,
Achraf Bencharki,Morocca,09/24/1994,FWD,"MAS Fez, Wydad Casablanca, Al-Hilal, Lens, Zamalek, Al-Jazira, Al-Rayyan, Ghazl El Mahalla, Bank El Ahly",,,35,85,Continental or national star,Manual tier,High,Major Moroccan/Zamalek star,merged_duplicate:Achraf Bencharki
Ahmed Sayed (Zizo),Egypt,01/10/1996,MID,"Lierse, Nacional, Moreirense, Zamalek",,,36,85,Continental or national star,Manual tier,High,Major modern Egyptian/Zamalek star,
Ibrahim Hassan,Egypt,08/10/1966,DEF,"Al Ahly, PAOK, Neuchâtel Xamax, Al Ain, Zamalek, Al-Masry",,,38,85,Continental or national star,Manual tier,High,Egypt national-team icon,
Abdulrahman Fawzi,Egypt,08/11/1909,FWD,"Al-Masry, Zamalek",,,39,84,Continental or national star,Manual tier,High,Historic Egypt World Cup figure,
Ahmed Hegazi,Egypt,01/25/1991,DEF,"Ismaily, Fiorentina, Perugia, Al Ahly, West Bromwich Albion, Al-Ittihad, NEOM",,,40,84,Continental or national star,Manual tier,High,European-profile Egyptian international,
Amr Zaki,Egypt,04/01/1983,FWD,"El Mansoura, ENPPI, Lokomotiv Moscow, Zamalek, Wigan Athletic, Hull City, Elazığspor, Al-Salmiya, Raja Casablanca, Al-Ahed, Al Mokawloon",,,41,84,Continental or national star,Manual tier,High,Premier League-profile Egyptian forward,
Emam Ashour,Egypt,02/20/1998,MID,"Ghazl El Mahalla, Haras El Hodoud, Zamalek, Midtjylland, Al Ahly",,,42,84,Continental or national star,Manual tier,High,High-profile modern Egyptian midfielder,
Farouk Gaafar,Egypt,12/05/1952,MID,Zamalek,,,43,84,Continental or national star,Manual tier,High,Zamalek/Egypt legend,
Ferjani Sassi,Tunisia,03/18/1992,MID,"CS Sfaxien, Metz, Espérance de Tunis, Al-Nassr, Zamalek, Al-Duhail, Al-Gharafa",,,44,84,Continental or national star,Manual tier,High,Tunisia/Zamalek star,
Hany Ramzy,Egypt,03/10/1969,DEF,"Al Ahly, Neuchâtel Xamax, Werder Bremen, 1. FC Kaiserslautern, 1. FC Saarbrücken",,,45,84,Continental or national star,Manual tier,High,European-profile Egypt defender,
Hossam Ghaly,Egypt,12/15/1981,MID,"Al Ahly, Feyenoord, Tottenham Hotspur, Derby County, Al-Nassr, Lierse",,,46,84,Continental or national star,Manual tier,High,European-profile Egyptian midfielder,
Kahraba (Mahmoud Abdel-Moneim),Egypt,04/13/1994,FWD,"ENPPI, Luzern, Grasshopper, Zamalek, Al-Ittihad, Desportivo das Aves, Al Ahly, Hatayspor",,,47,84,Continental or national star,Manual tier,High,High-profile Egyptian forward,
Khaled El-Ghandour,Egypt,01/10/1970,MID,"Zamalek, Kazma, Tersana, Ittihad El-Iskandary",,,48,84,Continental or national star,Manual tier,High,Zamalek/Egypt icon,
Rifaat El-Fanagily,Egypt,05/01/1936,MID,Al Ahly,,,49,84,Continental or national star,Manual tier,High,Historic Egyptian football icon,
Shehta El-Iskandarani,Egypt,04/18/1944,MID,Ittihad El-Iskandary,,,50,84,Continental or national star,Manual tier,High,Historic Egyptian football figure,
Walid Soliman,Egypt,12/01/1984,MID,"Haras El Hodoud, El Gouna, Petrojet, Al-Ahli (Jeddah), ENPPI, Al Ahly",,,51,84,Continental or national star,Manual tier,High,Al Ahly star,
Emmanuel Amuneke,Nigeria,12/25/1970,FWD,"Concord, Julius Berger, Zamalek, Sporting CP, Barcelona, Albacete, Busan I'Cons, Al-Wehdat",,,52,83,Continental or national star,Manual tier,High,Nigeria/African football icon,
Gamal Abdel-Hamid,Egypt,11/24/1957,FWD,"Al Ahly, Zamalek",,,53,83,Continental or national star,Manual tier,High,Zamalek/Egypt star,
Hosny Abd Rabo,Egypt,11/01/1984,MID,"Ismaily, Strasbourg, Al-Ahli (Dubai), Ittihad (Jeddah), Al-Nassr",,,54,83,Continental or national star,Manual tier,High,Egypt/Ismaily star,
Mimi El-Sherbini,Egypt,07/26/1937,DEF,Al Ahly,,,55,83,Continental or national star,Manual tier,High,Historic Al Ahly/Egypt figure,
Mohamed Abdel-Shafy,Egypt,07/01/1985,DEF,"ENPPI, Ghazl El Mahalla, Zamalek, Al-Ahli (Jeddah), Al-Fateh",,,56,83,Continental or national star,Manual tier,High,Zamalek/Egypt star,
Moustafa Abdou,Egypt,06/10/1953,FWD,Al Ahly,,,57,83,Continental or national star,Manual tier,High,Al Ahly/Egypt star,
Moustafa Abdou (Cherif),Egypt,04/21/1955,FWD,Al Ahly,,,58,83,Continental or national star,Manual tier,High,Al Ahly/Egypt star,
Rabie Yassin,Egypt,09/07/1960,DEF,Al Ahly,,,59,83,Continental or national star,Manual tier,High,Egypt/Al Ahly star,
Tarek Hamed,Egypt,10/24/1988,MID,"El Mansoura, Smouha, Zamalek, Al-Ittihad, Damac",,,60,83,Continental or national star,Manual tier,High,Major Egypt/Zamalek midfielder,
Abdel Halim Ali,Egypt,10/24/1973,FWD,Eastern Company; Zamalek,,,61,82,Continental or national star,Manual tier,High,Zamalek scoring icon,
Ayman Younes,Egypt,02/20/1964,MID,Zamalek,,,62,82,Continental or national star,Manual tier,High,Zamalek/Egypt star,
Gedo (Mohamed Nagy),Egypt,10/30/1984,FWD,"Ala'ab Damanhour, Ittihad Alexandria, Al Ahly, Hull City, El Entag El Harby, El Gouna",,,63,82,Continental or national star,Manual tier,High,Egypt/AFCON 2010 star,
Hussein El Shahat,Egypt,06/21/1994,MID,"Eastern Company, Misr Lel Makkasa, Al Ain, Al Ahly",,,64,82,Continental or national star,Manual tier,High,Al Ahly star,
Joseph-Antoine Bell,Cameroon,10/08/1954,GK,"Union Douala, Africa Sports, Arab Contractors, Marseille, Toulon, Bordeaux, Saint-Étienne",,,65,82,Continental or national star,Manual tier,High,African goalkeeping legend,
Khaled Bebo,Egypt,10/06/1976,FWD,Suez Cement; Ismaily; Al Ahly; Petrojet,,,66,82,Continental or national star,Manual tier,High,Al Ahly icon,
Mahmoud Bakr,Egypt,06/04/1944,DEF,Olympic Club,,,67,82,Continental or national star,Manual tier,High,Historic Egyptian football figure,
Mohamed Abdelmonem,Egypt,02/01/1999,DEF,"Al Ahly, Smouha, Future, Nice",,,68,82,Continental or national star,Manual tier,High,Egypt/Al Ahly defensive star,
Mohamed Abou Gabal (Gabaski),Egypt,01/29/1989,GK,"ENPPI, Zamalek, Smouha, National Bank of Egypt, Bank El Ahly",,,69,82,Continental or national star,Manual tier,High,Egypt/Zamalek goalkeeper star,merged_duplicate:Mohamed Abou Gabal (Gabaski)
Mohamed Magdy (Afsha),Egypt,03/06/1996,MID,"ENPPI, El Raja, Pyramids, Al Ahly",,,71,82,Continental or national star,Manual tier,High,Al Ahly modern icon,
Momen Zakaria,Egypt,04/12/1988,MID,Al Ahly; El Entag El Harby; Al Masry; ENPPI; Zamalek; Al Ahli Jeddah,,,72,82,Continental or national star,Manual tier,High,Al Ahly/Egypt fan-favorite star,
Nader El-Sayed,Egypt,12/31/1972,GK,"Zamalek, Club Brugge, Goldi, Akratitos, Al-Ittihad, Al Ahly, ENPPI",,,73,82,Continental or national star,Manual tier,High,Egypt/Zamalek/Al Ahly goalkeeper star,
Ahmed El-Kass,Egypt,07/08/1965,FWD,"Olympic Club, Zamalek, Ittihad Alexandria",,,74,81,Continental or national star,Manual tier,High,Egypt forward star,
Aliou Dieng,Mali,10/16/1997,MID,Djoliba; MC Alger; Al Ahly; Al Kholood,,,75,81,Continental or national star,Manual tier,High,Al Ahly/Mali star,
Ashraf Kasem,Egypt,07/25/1966,DEF,"Zamalek, Al-Hilal",,,76,81,Continental or national star,Manual tier,High,Zamalek/Egypt star,
Mohamed Sherif,Egypt,01/30/1996,FWD,"Wadi Degla, Al Ahly, ENPPI, Al-Khaleej",,,77,81,Continental or national star,Manual tier,High,Al Ahly/Egypt striker,
Walid Azaro,Morocco,06/11/1995,FWD,Difaâ El Jadidi; Al Ahly; Al Ettifaq; Ajman,,,78,81,Continental or national star,Manual tier,High,Morocco/Al Ahly star,
Badr Benoun,Morocco,09/30/1993,DEF,Raja Casablanca; Al Ahly; Qatar SC; Raja Casablanca,,,79,80,Continental or national star,Manual tier,High,Morocco/Al Ahly defender,
Hany Said,Egypt,04/22/1980,DEF,Al Ahly; Bari; Bellinzona; Messina; Fiorentina; Pistoiese; Mons; Al Masry; Ismaily; Zamalek; Misr Lel Makkasa; Smouha,,,80,80,Continental or national star,Manual tier,High,Egypt defender,
Ismail Youssef,Egypt,06/28/1964,MID,Zamalek,,,81,80,Continental or national star,Manual tier,High,Zamalek/Egypt star,
Mohamed Hany,Egypt,TBD,DEF,Al Ahly,,,82,80,Continental or national star,Manual tier,High,Al Ahly/Egypt defender,
Omar Khribin,Syria,TBD,FWD,Al Hilal; Pyramids; Al Wahda,,,83,80,Continental or national star,Manual tier,High,Asian/Syrian star,
Seifeddine Jaziri,Tunisia,02/12/1993,FWD,Club Africain; Tanta; Al Mokawloon; Zamalek,,,84,80,Continental or national star,Manual tier,High,Tunisia/Zamalek striker,
Taha Basry,Egypt,10/02/1946,MID,"Zamalek, Al-Arabi",,,85,80,Continental or national star,Manual tier,High,Zamalek/Egypt figure,
Tarek Selim,Egypt,07/15/1937,DEF,Al Ahly,,,86,80,Continental or national star,Manual tier,High,Al Ahly/Egypt historic figure,
Thabet El-Batal,Egypt,TBD,GK,Al Ahly,,,87,80,Continental or national star,Manual tier,High,Al Ahly goalkeeper icon,
Yahya Attiat Allah,Morocco,03/02/1995,DEF,Olympique Safi; Volos; Wydad Casablanca; Sochi; Al Ahly,,,88,80,Continental or national star,Manual tier,High,Morocco international / North African star,
Anthony Modeste,France,04/14/1988,FWD,Nice; Angers; Bordeaux; Blackburn Rovers; Bastia; Hoffenheim; Köln; Tianjin Quanjian; Saint-Étienne; Borussia Dortmund; Al Ahly; Intercity,,,89,79,Major domestic star,Manual tier,High,European-profile striker,
Fakhreddine Ben Youssef,Tunisia,06/23/1991,FWD,CS Sfaxien; Metz; Esperance; Ismaily; Pyramids; Al Masry,,,90,79,Major domestic star,Manual tier,High,Tunisia/Egyptian league star,
Hamdi Fathi,Egypt,09/29/1994,MID,"Ala'ab Damanhour, ENPPI, Petrojet, Al Ahly, Al-Wakrah",,,91,79,Major domestic star,Manual tier,High,Al Ahly/Egypt midfielder,
Mahmoud Hamdy El Wensh,Egypt,TBD,DEF,Tala'ea El Gaish; Zamalek,,,92,79,Major domestic star,Manual tier,High,Zamalek/Egypt defender,
Reda Abdel Aal,Egypt,03/15/1965,MID,Zamalek; Al Ahly; Al Qanah,,,93,79,Major domestic star,Manual tier,High,High-profile Egyptian player/media figure,
Abdel Sattar Sabry,Egypt,06/19/1974,MID,"Al Mokawloon, Tirol Innsbruck, PAOK, Benfica, Marítimo, Estrela da Amadora, ENPPI, Tala'ea El Gaish",,,94,78,Major domestic star,Manual tier,High,Egypt/European-profile midfielder,
Abdelwahed El Sayed,Egypt,06/03/1977,GK,Zamalek; Misr Lel Makkasa,,,95,78,Major domestic star,Manual tier,High,Zamalek goalkeeper star,
Ahmed Hassan Kouka,Egypt,03/05/1993,FWD,"Rio Ave, Braga, Olympiacos, Konyaspor, Alanyaspor, Pendikspor, Rio Ave",,,96,78,Major domestic star,Manual tier,High,European-profile Egyptian striker,
Emad El Nahhas,Egypt,02/15/1976,DEF,Aswan; Ismaily; Al Ahly,,,97,78,Major domestic star,Manual tier,High,Egypt/Al Ahly defender,
Gaston Sirino,Uruguay,TBD,MID,Bolivar; Mamelodi Sundowns; Al Ahly,,,98,78,Major domestic star,Manual tier,High,Al Ahly/Sundowns-profile player,
Ibrahim Adel,Egypt,04/23/2001,FWD,Pyramids; Al Jazira; Nordsjælland,,,99,78,Major domestic star,Manual tier,High,Modern Egyptian/Pyramids star,
Junior Ajayi,Nigeria,01/29/1996,FWD,"Shooting Stars, CS Sfaxien, Al Ahly, Al-Nasr Benghazi, Smouha",,,100,78,Major domestic star,Manual tier,High,Al Ahly foreign star,
Mohamed Ali Ben Romdhane,Tunisia,TBD,MID,Esperance; Ferencvaros; Al Ahly,,,101,78,Major domestic star,Manual tier,High,Tunisia/Al Ahly star,
Mohamed Emara,Egypt,07/10/1974,DEF,Al Ahly; Hansa Rostock; Al Masry,,,102,78,Major domestic star,Manual tier,High,Egypt/Al Ahly/Zamalek player,
Mohamed Homos,Egypt,01/01/1979,MID,Ismaily; Wadi Degla,,,103,78,Major domestic star,Manual tier,High,Ismaily/Egypt star,
Sam Morsy,Egypt,09/10/1991,MID,"Port Vale, Chesterfield, Wigan Athletic, Barnsley, Middlesbrough, Ipswich Town",,,104,78,Major domestic star,Manual tier,High,European-profile Egyptian international,
Ahmed Belal,Egypt,08/20/1980,FWD,"Al Ahly, Konyaspor, Ankaragücü, Smouha, Telephonat Beni Suef",,,105,77,Major domestic star,Manual tier,High,Al Ahly/Egypt striker,
Ahmed Fatouh,Egypt,TBD,DEF,Zamalek; Smouha,,,106,77,Major domestic star,Manual tier,High,Zamalek/Egypt defender,
Ahmed Hamoudi,Egypt,07/30/1990,MID,Smouha; Zamalek; Al Ahly; Pyramids,,,107,77,Major domestic star,Manual tier,High,Egypt/Al Ahly-Zamalek player,
Amr El-Sulaya,Egypt,04/02/1990,MID,Ismaily; Al Shaab; Al Ahly,,,108,77,Major domestic star,Manual tier,High,Al Ahly/Egypt midfielder,
Amr Warda,Egypt,09/17/1993,MID,"Al Ahly, Ittihad Alexandria, Panetolikos, PAOK, Atromitos, AEL, Volos, Anorthosis, Apollon Limassol, Raja Casablanca, Pharco, Panserraikos",,,109,77,Major domestic star,Manual tier,High,European-profile Egyptian winger,
Ayman Ashraf,Egypt,04/09/1991,DEF,Al Ahly; Telecom Egypt; Smouha; National Bank,,,110,77,Major domestic star,Manual tier,High,Al Ahly/Egypt defender,
Flávio Amado,Angola,12/30/1979,FWD,"Petro de Luanda, Al Ahly, Al-Shabab, Al-Kharaitiyat, Lierse",,,111,77,Major domestic star,Manual tier,High,Al Ahly/Angola star,
Gamal Hamza,Egypt,12/05/1981,FWD,Zamalek; Mainz 05; El Gouna; Misr Lel Makkasa,,,112,77,Major domestic star,Manual tier,High,Zamalek forward star,
Hossam Ashour,Egypt,03/09/1986,MID,"Al Ahly, Ittihad Alexandria",,,113,77,Major domestic star,Manual tier,High,Al Ahly title-winning midfielder,
Islam El-Shater,Egypt,11/16/1976,DEF,Olympic; Ismaily; Zamalek; Ittihad Jeddah; Al Ahly; Haras El Hodoud; Petrojet,,,114,77,Major domestic star,Manual tier,High,Al Ahly/Zamalek player,
John Utaka,Nigeria,01/08/1982,FWD,"Enugu Rangers, Arab Contractors, Ismaily, Al-Sadd, Lens, Rennes, Portsmouth, Montpellier, Sivasspor, Ismaily, Sedan",,,115,77,Major domestic star,Manual tier,High,European-profile Nigerian forward,
Ahmed El-Shenawy,Egypt,05/14/1991,GK,Al Masry; Zamalek; Pyramids,,,116,76,Major domestic star,Manual tier,High,Egypt/Zamalek-Pyramids goalkeeper,
Ali Gabr,Egypt,01/10/1989,DEF,"Ismaily, Ittihad Alexandria, Zamalek, West Bromwich Albion, Pyramids",,,117,76,Major domestic star,Manual tier,High,Zamalek/Egypt defender,
Cristian Benavente,Peru,TBD,MID,Real Madrid Castilla; Charleroi; Pyramids; Nantes,,,118,76,Major domestic star,Manual tier,High,International-profile attacking midfielder,
Diego Rolán,Uruguay,TBD,FWD,Bordeaux; Malaga; Deportivo La Coruna; Pyramids,,,119,76,Major domestic star,Manual tier,High,European/South American-profile forward,
Gilberto (Felisberto Sebastião),Angola,09/21/1982,DEF,"Petro de Luanda, Al Ahly, Lierse, AEL Limassol, Benfica Luanda",,,120,76,Major domestic star,Manual tier,High,Al Ahly/Angola star,
Hamdi Nagguez,Tunisia,10/28/1992,DEF,Etoile du Sahel; Zamalek; Sūduva; Esperance; Ismaily,,,121,76,Major domestic star,Manual tier,High,Tunisia/Zamalek defender,
Hamza Mathlouthi,Tunisia,07/25/1992,DEF,CS Sfaxien; Zamalek,,,122,76,Major domestic star,Manual tier,High,Tunisia/Zamalek defender,
Keno,Brazil,TBD,FWD,Santa Cruz; Palmeiras; Pyramids; Atletico Mineiro; Fluminense,,,123,76,Major domestic star,Manual tier,High,Brazilian/Asian-profile winger,
Khalid Boutaïb,Morocco,04/24/1987,FWD,Bagnols-Pont; Uzès Pont du Gard; Luzenac; Gazélec Ajaccio; Strasbourg; Yeni Malatyaspor; Zamalek; Le Havre; Paris FC,,,124,76,Major domestic star,Manual tier,High,Morocco/Zamalek forward,
Mahmoud Alaa,Egypt,01/28/1991,DEF,"Haras El Hodoud, Wadi Degla, Zamalek, Ittihad Alexandria",,,125,76,Major domestic star,Manual tier,High,Zamalek/Egypt defender,
Marwan Attia,Egypt,08/01/1998,MID,"Ittihad Alexandria, Al Ahly",,,126,76,Major domestic star,Manual tier,High,Al Ahly/Egypt midfielder,
Marwan Mohsen,Egypt,02/26/1989,FWD,Petrojet; Gil Vicente; Ismaily; Al Ahly; Future / Modern Sport,,,127,76,Major domestic star,Manual tier,High,Egypt/Al Ahly striker,
Moustafa Fathi,Egypt,05/12/1994,MID,"Nabarouh, Zamalek, Al-Taawoun, Smouha, Pyramids",,,128,76,Major domestic star,Manual tier,High,Egypt/Zamalek winger,
Sayed Moawad,Egypt,05/25/1979,DEF,"Aluminium Nag Hammadi, Ismaily, Trabzonspor, Al Ahly",,,129,76,Major domestic star,Manual tier,High,Al Ahly/Egypt defender,
Walid El Karti,Morocco,07/23/1994,MID,Wydad Casablanca; Pyramids,,,130,76,Major domestic star,Manual tier,High,Morocco/Pyramids star,
Adel Heikal,Egypt,TBD,GK,Al Ahly,,,131,75,Major domestic star,Manual tier,High,Al Ahly/Egypt goalkeeper legend,
Ayman Hefny,Egypt,12/31/1985,MID,"Misr Lel Makkasa, Tala'ea El Gaish, Al-Ahli (Tripoli), Zamalek, Pyramids",,,132,75,Major domestic star,Manual tier,High,Zamalek playmaker,
Basem Morsy,Egypt,01/01/1992,FWD,"Petrojet, El Entag El Harby, Zamalek, AEL Larissa, Smouha, Misr Lel Makkasa, Ismaily",,,133,75,Major domestic star,Manual tier,High,Zamalek/Egypt striker,
Ekramy El-Shahat,Egypt,TBD,GK,Al Ahly,,,134,75,Major domestic star,Manual tier,High,Al Ahly/Egypt goalkeeper figure,
John Antwi,Ghana,08/06/1992,FWD,"Eleven Wise, Ismaily, Al-Shabab, Al Ahly, Misr Lel-Makkasa, Pyramids, El-Gaish",,,135,75,Major domestic star,Manual tier,High,Egyptian league foreign star,
Karim Hafez,Egypt,03/12/1996,DEF,Lierse; Omonia; Lens; Kasimpasa; Yeni Malatyaspor; Pyramids,,,136,75,Major domestic star,Manual tier,High,European-profile Egyptian full-back,
Mahmoud Fathallah,Egypt,02/12/1982,DEF,Ghazl El Mahalla; Zamalek; Tala’ea El Gaish; El Entag El Harby; Nogoom,,,137,75,Major domestic star,Manual tier,High,Zamalek/Egypt defender,
Mahmoud Genesh,Egypt,07/10/1987,GK,Olympic; Zamalek; Future / Modern Sport,,,138,75,Major domestic star,Manual tier,High,Zamalek goalkeeper,
Mohamed Awad,Egypt,07/06/1992,GK,Ismaily; Al Masry; Al Wehda; Zamalek,,,139,75,Major domestic star,Manual tier,High,Zamalek/Egypt goalkeeper,
Mohamed Chibi,Morocco,01/21/1993,DEF,KAC Kénitra; FAR Rabat; Ittihad Tanger; Pyramids,,,140,75,Major domestic star,Manual tier,High,Morocco/Pyramids defender,
Mohamed Ibrahim,Egypt,03/01/1992,MID,"Zamalek, Marítimo, Misr Lel Makkasa, Ceramica Cleopatra, National Bank of Egypt",,,141,75,Major domestic star,Manual tier,High,Zamalek/Egypt playmaker,
Omar Gaber,Egypt,01/30/1992,DEF,Zamalek; Basel; LAFC; Pyramids; Zamalek,,,142,75,Major domestic star,Manual tier,High,Zamalek/Egypt defender,
Sayed Hamdy,Egypt,03/01/1984,FWD,"Tanta, Vodafone, Petrojet, Al Ahly, Misr Lel-Makkasa, El-Masry",,,143,75,Major domestic star,Manual tier,High,Al Ahly/Egypt striker,
Wessam Abou Ali,Palestine,01/04/1999,FWD,Aalborg; Vendsyssel; Silkeborg; Sirius; Al Ahly; Columbus Crew,,,144,75,Major domestic star,Manual tier,High,Al Ahly/Palestine striker,
Ahmed Abdel Kader,Egypt,05/23/1999,FWD,Al Ahly; Smouha; Qatar SC,,,145,74,Major domestic star,Manual tier,Medium,Al Ahly/Egypt winger,
Akram Tawfik,Egypt,11/08/1997,MID,"ENPPI, Al Ahly, El Gouna",,,146,74,Major domestic star,Manual tier,Medium,Al Ahly/Egypt player,
Alaa Mayhoub,Egypt,01/19/1962,MID,"Al Ahly, El-Olimpi",,,147,74,Major domestic star,Manual tier,Medium,Al Ahly/Egypt player,
Aristide Bancé,Burkina Faso,09/19/1984,FWD,Lokeren; Metalurh Donetsk; Mainz; Augsburg; Al Masry; El Gouna,,,148,74,Major domestic star,Manual tier,Medium,Burkina Faso/African striker,
Ben Malango,Congolese,11/10/1993,FWD,"TP Mazembe, Raja Casablanca, Sharjah, Qatar SC",,,149,74,Major domestic star,Manual tier,Medium,African club striker,
Fiston Mayele,DR Congo,06/24/1994,FWD,AS Vita Club; Young Africans; Pyramids,,,150,74,Major domestic star,Manual tier,Medium,African club striker,
Gelson Dala,Angola,07/13/1996,FWD,"Primeiro de Agosto, Sporting CP, Rio Ave, Antalyaspor, Al-Wakrah",,,151,74,Major domestic star,Manual tier,Medium,Angola international,
Luís Miquissone,Mozambique,07/25/1995,FWD,UD Songo; Mamelodi Sundowns; Chippa United; Royal Eagles; Simba; Al Ahly; Abha,,,152,74,Major domestic star,Manual tier,Medium,Al Ahly/Mozambique winger,
Mabululu,Angola,06/01/1992,FWD,Petro de Luanda; Primeiro de Agosto; Ittihad Alexandria; Al Ahly,,,153,74,Major domestic star,Manual tier,Medium,Egyptian league Angolan scoring star,
Malick Evouna,Gabonese,11/28/1992,FWD,"CF Mounana, Wydad Casablanca, Al Ahly, Tianjin Teda, Konyaspor, Aswan",,,154,74,Major domestic star,Manual tier,Medium,Al Ahly/Gabon striker,
Mostafa Shalaby,Egypt,09/01/1994,FWD,ENPPI; Zamalek,,,155,74,Major domestic star,Manual tier,Medium,Zamalek/Egypt winger,
Taher Mohamed,Egypt,03/07/1997,FWD,Al Mokawloon; Le Havre II; Al Ahly,,,156,74,Major domestic star,Manual tier,Medium,Al Ahly/Egypt winger,
Victorien Adebayor,Nigeria,11/12/1996,FWD,AS GNN; Inter Allies; Legon Cities; ENPPI; Ittihad Alexandria,,,157,74,Major domestic star,Manual tier,Medium,Niger international / Egyptian league star,
Yasser Ibrahim,Egypt,02/10/1993,DEF,Mansoura; Smouha; Al Ahly,,,158,74,Major domestic star,Manual tier,Medium,Al Ahly defender,
Youssef Obama,Egypt,05/26/1995,MID,Zamalek; Ittihad Alexandria; Wadi Degla; Al Hazem; Pyramids,,,159,74,Major domestic star,Manual tier,Medium,Zamalek player,
Ahmed Kendouci,Algeria,06/22/1999,MID,ES Sétif; Al Ahly; Ceramica Cleopatra,,,160,73,Major domestic star,Manual tier,Medium,Al Ahly/Algeria midfielder,
Ahmed Refaat,Egypt,06/20/1993,FWD,ENPPI; Zamalek; Ittihad Alexandria; Al Masry; Future / Modern Sport; Al Wahda,,,161,73,Major domestic star,Manual tier,Medium,Modern Egyptian winger,
Aliou Badji,Senegal,10/10/1997,FWD,Casa Sports; Djurgården; Rapid Wien; Al Ahly; Ankaragücü; Amiens; Bordeaux; Gaziantep; Red Star; Sivasspor,,,162,73,Major domestic star,Manual tier,Medium,Al Ahly/Senegal striker,
Amir Sayoud,Algeria,09/30/1990,MID,"ES Sétif, Al Ahly, Al-Arabi, Beroe, USM Alger, CR Belouizdad, Al-Tai, Al-Raed",,,163,73,Major domestic star,Manual tier,Medium,Algeria/Al Ahly-profile playmaker,
Mohamed Dhaoui Cristo,Tunisia,05/14/2003,FWD,Étoile du Sahel; Al Ahly; CS Sfaxien,,,164,73,Major domestic star,Manual tier,Medium,Tunisia/Al Ahly winger,
Mohamed Ounajem,Morocco,01/04/1992,FWD,Chabab Atlas Khénifra; Wydad Casablanca; Zamalek; Al-Suqoor; Ismailia Electricity,,,165,73,Major domestic star,Manual tier,Medium,Morocco/Zamalek winger,
Mohamed Sobhi,Egypt,08/30/1981,GK,Ismaily; Smouha; Misr Lel Makkasa; Wadi Degla; El Dakhleya,,,166,73,Major domestic star,Manual tier,Medium,Zamalek/Egypt goalkeeper,
Mostafa Shobeir,Egypt,TBD,GK,Al Ahly,,,167,73,Major domestic star,Manual tier,Medium,Al Ahly goalkeeper,
Nasser Maher,Egypt,02/08/1997,MID,Petrojet; Smouha; Al Ahly; Future / Modern Sport; Zamalek,,,168,73,Major domestic star,Manual tier,Medium,Al Ahly/Zamalek/Pyramids-profile midfielder,
Saad Samir,Egypt,04/01/1989,DEF,"Al Ahly, El Mokawloon, Al-Masry, Future",,,169,73,Major domestic star,Manual tier,Medium,Al Ahly/Egypt defender,
Saleh Gomaa,Egypt,08/01/1993,MID,ENPPI; Nacional; Al Ahly; Al Faisaly; Ismaily; Ceramica Cleopatra,,,170,73,Major domestic star,Manual tier,Medium,Egypt/Al Ahly midfielder,
Ahmed Abdel Zaher,Egypt,01/15/1985,FWD,ENPPI; Al Ahly; Smouha; Misr Lel Makkasa,,,171,72,Major domestic star,Manual tier,Medium,Al Ahly/Egypt striker,
Ahmed Samir Farag,Egypt,05/20/1986,DEF,Sochaux B; Al Ahly; Ismaily; Lierse; Zamalek; Ismaily; El Dakhleya,,,172,72,Major domestic star,Manual tier,Medium,Ismaily/Al Ahly player,
Ahmed Yasser Rayan,Egypt,01/24/1998,FWD,Al Ahly; El Gouna; Ceramica Cleopatra; Altay; National Bank,,,173,72,Major domestic star,Manual tier,Medium,Al Ahly/Egypt striker,
Amr Gamal,Egypt,08/03/1991,FWD,Al Ahly; Bidvest Wits; HJK; Tala’ea El Gaish; Pharco; ASEC Mimosas,,,174,72,Major domestic star,Manual tier,Medium,Al Ahly/Egypt striker,
Geraldo,Angola,11/23/1991,FWD,1º de Agosto; Coritiba; Atlético Goianiense; Al Ahly; MKE Ankaragücü,,,175,72,Major domestic star,Manual tier,Medium,Al Ahly/Angola winger,
Hossam Paulo,Egypt,11/15/1983,FWD,El Dakhleya; Smouha; Zamalek; Ittihad Alexandria,,,176,72,Major domestic star,Manual tier,Medium,Egyptian league top scorer,
Hussein Sayed,Egypt,09/18/1991,DEF,Al Ahly; Misr Lel Makkasa; Al Ettifaq; Ismaily; Pyramids; Al Masry,,,177,72,Major domestic star,Manual tier,Medium,Al Ahly/Zamalek player,
Karim Fouad,Egypt,10/01/1999,DEF,Nogoom; ENPPI; Al Ahly,,,178,72,Major domestic star,Manual tier,Medium,Al Ahly/Egypt player,
Mohamed Fadl,Egypt,08/12/1980,FWD,Al Ahly; Ittihad Jeddah; Ismaily; Al Masry; ENPPI; Smouha; Al Mokawloon,,,179,72,Major domestic star,Manual tier,Medium,Al Ahly/Egypt striker,
Mohamed Magdy,Egypt,TBD,DEF,Al Masry; Ismaily; Ceramica Cleopatra,,,180,72,Major domestic star,Manual tier,Medium,Recognized Egyptian league player,
Omar Kamal Abdel Wahed,Egypt,09/29/1993,DEF,Al Masry; Zamalek; Future / Modern Sport; Al Ahly,,,181,72,Major domestic star,Manual tier,Medium,Modern Egyptian utility player,
Sabri Rahil,Egypt,10/02/1987,DEF,Zamalek; Al Ahly; Ittihad Alexandria; El Gouna,,,182,72,Major domestic star,Manual tier,Medium,Al Ahly/Zamalek player,
Salah Mohsen,Egypt,09/01/1998,FWD,ENPPI; Al Ahly; Smouha; Ceramica Cleopatra; Al Masry,,,183,72,Major domestic star,Manual tier,Medium,Al Ahly/Egypt striker,
Tamer Abdel Hamid,Egypt,10/27/1975,MID,Zamalek; Al Masry; Ittihad Alexandria,,,184,72,Major domestic star,Manual tier,Medium,Zamalek player,
Wilfried Kanon,Côte d’Ivoire,07/06/1993,DEF,Gloria Bistrița; Corona Brașov; ADO Den Haag; Pyramids,,,185,72,Major domestic star,Manual tier,Medium,Ivory Coast/Pyramids defender,
Emmanuel Okwi,Uganda,12/25/1992,FWD,SC Villa; Simba; Etoile du Sahel; Young Africans; Ittihad Alexandria,,,186,71,Major domestic star,Manual tier,Medium,Uganda/African league star,
Hamid Ahaddad,Morocco,11/30/1994,FWD,Difaâ El Jadidi; Zamalek; Raja Casablanca; Wydad Casablanca,,,187,71,Major domestic star,Manual tier,Medium,Morocco/Zamalek forward,
Kabongo Kasongo,Congolese,07/18/1994,FWD,"Kaloum Star, Ittihad El-Iskandary, Zamalek, Al-Wahda, Wydad, Sakaryaspor",,,188,71,Major domestic star,Manual tier,Medium,Zamalek/DR Congo striker,
Mathias Pogba,Guinea,08/19/1990,FWD,Wrexham; Crewe Alexandra; Pescara; Crawley Town; Sparta Rotterdam; Tours; Manchego; Zamalek,,,189,71,Major domestic star,Manual tier,Medium,Recognized surname/international profile,
Walter Bwalya,Congolese,05/05/1995,FWD,"Lubumbashi Sport, Nkana, El-Gouna, Al Ahly, Yeni Malatyaspor, Al-Sailiya",,,190,71,Major domestic star,Manual tier,Medium,Al Ahly/Zambia striker,
Abdel Moneim Shatta,Egypt,TBD,DEF,Al Ahly,,,191,70,Major domestic star,Manual tier,Medium,Al Ahly/Egypt football figure,
Ayman Taher,Egypt,TBD,GK,Zamalek,,,192,70,Major domestic star,Manual tier,Medium,Zamalek/Egypt goalkeeper figure,
Nejc Gradisar,Slovenia,TBD,FWD,Rogaska; Fehervar; Al Ahly,,,193,70,Major domestic star,Manual tier,Medium,Al Ahly foreign striker,
Oday Dabbagh,Palestine,TBD,FWD,Al Qadsia; Arouca; Charleroi; Zamalek,,,194,70,Major domestic star,Manual tier,Medium,Palestine/Zamalek-profile forward,
Omar Faraj,Palestine,TBD,FWD,AIK; Zamalek; Degerfors,,,195,70,Major domestic star,Manual tier,Medium,Zamalek/Sweden-Palestine forward,
Patrick Malo,Burkina Faso,02/18/1992,DEF,USFA; Smouha; Al Masry; ASEC Mimosas,,,196,70,Major domestic star,Manual tier,Medium,Burkina Faso/Pyramids defender,
Souleymane Coulibaly,Côte d’Ivoire,12/26/1994,FWD,"Siena, Tottenham Hotspur, Bari, Peterborough, Kilmarnock, Al Ahly, Étoile du Sahel",,,197,70,Major domestic star,Manual tier,Medium,Al Ahly-profile foreign striker,
Ahmed Eid Abdel Malek,Egypt,05/15/1980,FWD,"Aswan, Zamalek, Haras El Hodoud, Al-Ahly (Benghazi), Tala'ea El Gaish, Al-Masry, Wadi Degla, El Gouna",,,198,69,Well-known club-level player,Manual tier,Medium,Zamalek/Egypt player,
Ahmed Tawfik,Egypt,10/01/1991,MID,El Mansoura; Zamalek; Pyramids; Bank Al Ahly,,,199,69,Well-known club-level player,Manual tier,Medium,Recognized Egyptian league player,
Mahmoud Dunga,Egypt,TBD,MID,Pyramids; Al Ittihad Alexandria,,,200,69,Well-known club-level player,Manual tier,Medium,Zamalek/Pyramids midfielder,
Mahmoud Hamada,Egypt,TBD,MID,El Entag El Harby; Pyramids; Pharco; Al Masry,,,201,69,Well-known club-level player,Manual tier,Medium,Egyptian international midfielder,
Mohamed Youssef,Egypt,TBD,DEF,Al Ahly,,,202,69,Well-known club-level player,Manual tier,Medium,Al Ahly/Egypt football figure,
Nabil Emad Dunga,Egypt,04/06/1996,MID,Beni Ebeid; Pyramids; Zamalek,,,203,69,Well-known club-level player,Manual tier,Medium,Zamalek/Pyramids midfielder,
Ramy Rabia,Egypt,05/20/1993,DEF,"Al Ahly, Sporting CP",,,204,69,Well-known club-level player,Manual tier,Medium,Al Ahly/Egypt defender,
Abdallah Gomaa,Egypt,01/10/1996,DEF,"ENPPI, Union Berlin, Al-Masry, Zamalek",,,205,68,Well-known club-level player,Manual tier,Medium,Zamalek player,
Abdel Rahman Magdy,Egypt,09/12/1997,MID,Ismaily; Pyramids,,,206,68,Well-known club-level player,Manual tier,Medium,Ismaily/Egypt winger,
Ahmed Madbouli,Egypt,11/20/1994,MID,El Raja; Zamalek; Ismaily; National Bank,,,207,68,Well-known club-level player,Manual tier,Medium,Zamalek/Ismaily player,
Ibrahim Salah,Egypt,04/01/1987,MID,"El-Mansoura, Zamalek, Al-Orobah, Smouha, Arab Contractors, El-Gouna",,,208,68,Well-known club-level player,Manual tier,Medium,Zamalek/Egypt midfielder,
Marwan Hamdy,Egypt,11/15/1996,FWD,Misr Lel Makkasa; Wadi Degla; Zamalek; Smouha; Al Masry; Pyramids,,,209,68,Well-known club-level player,Manual tier,Medium,Egyptian international striker,
Mohanad Lasheen,Egypt,05/29/1996,MID,El Dakhleya; Tala'ea El Gaish; Pyramids,,,210,68,Well-known club-level player,Manual tier,Medium,Egyptian international midfielder,
Omar Fayed,Egypt,TBD,DEF,Al Mokawloon; Fenerbahçe; Novi Pazar,,,211,68,Well-known club-level player,Manual tier,Medium,European-profile young Egyptian defender,
Osama Galal,Egypt,09/17/1997,DEF,ENPPI; Petrojet; Misr Lel Makkasa; Pyramids,,,212,68,Well-known club-level player,Manual tier,Medium,Pyramids/Egypt defender,
Rodriguinho,Brazil,TBD,MID,Corinthians; Pyramids; Bahia,,,213,68,Well-known club-level player,Manual tier,Medium,Brazilian-profile midfielder,
Ahmed Nabil Kouka,Egypt,TBD,MID,Al Ahly,,,214,67,Well-known club-level player,Manual tier,Medium,Al Ahly/Egypt midfielder,
Ahmed Ramadan Beckham,Egypt,TBD,DEF,Wadi Degla; Smouha; Ceramica Cleopatra; Al Ahly,,,215,67,Well-known club-level player,Manual tier,Medium,Al Ahly/Ceramica defender,
Khaled Abdel Fattah,Egypt,TBD,DEF,Smouha; Al Ahly,,,216,67,Well-known club-level player,Manual tier,Medium,Al Ahly defender,
Mohamed El-Gabas (Dodo),Egypt,07/21/1987,FWD,"Al-Masry, Lierse, Swindon Town, Arles-Avignon, Wadi Degla, Pyramids",,,217,67,Well-known club-level player,Manual tier,Medium,Egyptian forward,
Mohamed Reda Bobó,Egypt,11/10/2000,MID,Wadi Degla; Future / Modern Sport; Pyramids,,,218,67,Well-known club-level player,Manual tier,Medium,Recognized Egyptian league player,
Mostafa Saad Messi,Egypt,08/22/2001,FWD,Ceramica Cleopatra; Al Ahly; Smouha; ZED,,,219,67,Well-known club-level player,Manual tier,Medium,Recognized modern Egyptian winger,
Amar Hamdy,Egypt,TBD,MID,Al Ahly; Al Ittihad Alexandria; Tala'ea El Gaish; Ceramica Cleopatra,,,220,66,Well-known club-level player,Manual tier,Medium,Al Ahly/Ceramica midfielder,
Basem Ali,Egypt,04/01/1988,DEF,"Arab Contractors, Al Ahly, El-Gouna, Misr Lel-Makkasa, Modern Future",,,221,66,Well-known club-level player,Manual tier,Medium,Al Ahly defender,
Hossam Abdelmaguid,Egypt,TBD,DEF,Zamalek,,,222,66,Well-known club-level player,Manual tier,Medium,Zamalek defender,
Khaled Kamar,Egypt,03/02/1988,FWD,"Gasco, Ittihad El-Iskandary, Zamalek, Smouha, Tala'ea El-Gaish, El-Gouna",,,223,66,Well-known club-level player,Manual tier,Medium,Zamalek/Egypt striker,
Mahmoud Saber,Egypt,TBD,MID,Al Ahly; Pyramids; ZED,,,224,66,Well-known club-level player,Manual tier,Medium,Egypt Olympic midfielder,
Abdelrahim Daghmoum,Algeria,TBD,MID,ES Setif; Al Masry,,,225,65,Well-known club-level player,Manual tier,Medium,Algerian/Egyptian league winger,
Hamada Tolba,Egypt,TBD,DEF,Smouha; Zamalek; Al Masry; Pyramids,,,226,65,Well-known club-level player,Manual tier,Medium,Zamalek/Egypt defender,
Hamza Alaa,Egypt,TBD,GK,Al Ahly; Portimonense,,,227,65,Well-known club-level player,Manual tier,Medium,Al Ahly goalkeeper,
Lucas Galvao,Brazil,TBD,DEF,Ponte Preta; Pyramids,,,228,65,Well-known club-level player,Manual tier,Medium,Brazilian defender with continental club profile,
Ribamar,Brazil,TBD,FWD,Botafogo; Vasco da Gama; Pyramids,,,229,65,Well-known club-level player,Manual tier,Medium,Brazilian-profile striker,
Seif Farouk Gaafar,Egypt,TBD,MID,Zamalek; Pyramids,,,230,65,Well-known club-level player,Manual tier,Medium,Zamalek player,
Youssef Osama Nabih,Egypt,TBD,FWD,Zamalek; Pyramids,,,231,65,Well-known club-level player,Manual tier,Medium,Zamalek player,
Abdelhamid Bassiouni,Egypt,TBD,FWD,Zamalek; Haras El Hodoud; Ismaily,,,232,64,Well-known club-level player,Manual tier,Medium,Egyptian football figure,
Ahmed Abou Moslem,Egypt,06/25/1981,DEF,Al Ahly; Ismaily; Smouha; Wadi Degla,,,233,64,Well-known club-level player,Manual tier,Medium,Al Ahly/Strasbourg-profile player,
Jamilu Collins,Nigeria,TBD,DEF,Rijeka; Paderborn; Pyramids,,,234,64,Well-known club-level player,Manual tier,Medium,Nigeria international defender,
Mohamed Maghraby,Egypt,TBD,DEF,Al Ahly; Smouha; Al Ittihad Alexandria; Ceramica Cleopatra,,,235,64,Well-known club-level player,Manual tier,Medium,Al Ahly defender,
Rajab Bakkar,Egypt,TBD,DEF,El Dakhleya; Pyramids; Ceramica Cleopatra,,,236,64,Well-known club-level player,Manual tier,Medium,Pyramids/Egyptian league player,
Rogério,Brazil,TBD,FWD,Al Mokawloon,,,237,64,Well-known club-level player,Manual tier,Medium,Foreign-pro league player,
Saliou Ciss,Senegal,TBD,DEF,Valenciennes; Angers; Al Masry,,,238,64,Well-known club-level player,Manual tier,Medium,Senegal international defender,
Youssouf Kone,Mali,TBD,DEF,Lille; Lyon; El Gouna,,,239,64,Well-known club-level player,Manual tier,Medium,Mali/international-profile defender,
Ahmed Said Oka,Egypt,TBD,DEF,Haras El Hodoud; Smouha; Wadi Degla,,,240,63,Well-known club-level player,Manual tier,Medium,Egyptian league defender,
Benson Shilongo,Namibia,TBD,FWD,Ismaily; Smouha,,,241,63,Well-known club-level player,Manual tier,Medium,Namibia international striker,
Bobo (Ezz El-Din Yaqoub),Egypt,11/23/1948,DEF,Ittihad El-Iskandary,,,242,63,Well-known club-level player,Heuristic estimate,Medium,Heuristic: historic/major Egyptian football section,
Mamadou Niass,Senegal,TBD,FWD,Al Mokawloon; Al Ittihad Alexandria,,,243,63,Well-known club-level player,Manual tier,Medium,Egyptian league foreign striker,
Meshika (Mohamed Seddik),Egypt,01/01/1978,DEF,"Al-Kroum, Zamalek, Al Ahly, Ismaily, Ittihad El-Iskandary",,,244,63,Well-known club-level player,Heuristic estimate,Medium,Heuristic: historic/major Egyptian football section,
Mostafa Afroto,Egypt,TBD,MID,Al Ahly; Misr Lel Makkasa; Damanhour; Al Ittihad Alexandria,,,245,63,Well-known club-level player,Manual tier,Medium,Al Ahly youth/product player,
Ahmed Belhadji,Morocco,TBD,MID,Aswan; Ceramica Cleopatra,,,246,62,Well-known club-level player,Manual tier,Medium,Egyptian league foreign player,
Ali Fathi,Egypt,TBD,DEF,Al Mokawloon; Zamalek; El Entag El Harby,,,247,62,Well-known club-level player,Manual tier,Medium,Zamalek/Egyptian league player,
Arthur Henrique,Brazil,TBD,DEF,Pyramids; Vorskla Poltava,,,248,62,Well-known club-level player,Manual tier,Medium,Foreign-pro league player,
Benjamin Boateng,Ghana,TBD,FWD,El Gouna; Smouha; Al Ittihad Alexandria,,,249,62,Well-known club-level player,Manual tier,Medium,Egyptian league foreign player,
Kevin Rimane,French Guiana,TBD,DEF,Paris Saint-Germain; Ittihad Alexandria,,,250,62,Well-known club-level player,Manual tier,Medium,International-profile defender,
Romario Williams,Jamaica,TBD,FWD,Atlanta United; Al Ittihad Alexandria,,,251,62,Well-known club-level player,Manual tier,Medium,Jamaica/Egyptian league player,
Tarek Taha,Egypt,TBD,DEF,Ismaily; Pyramids; Smouha,,,252,62,Well-known club-level player,Manual tier,Medium,Zamalek/Egyptian league player,
Cheta (Mohamed Seddik),Egypt,01/11/1956,MID,Arab Contractors,,,253,61,Well-known club-level player,Heuristic estimate,Medium,Heuristic: historic/major Egyptian football section,
Gaddafi (Mohamed Ramadan),Egypt,11/15/1970,FWD,"Tersana, Al Ahly",,,254,61,Well-known club-level player,Heuristic estimate,Medium,Heuristic: historic/major Egyptian football section,
Meshmesh (Hany Moustafa),Egypt,01/27/1947,DEF,Al Ahly,,,255,61,Well-known club-level player,Heuristic estimate,Medium,Heuristic: historic/major Egyptian football section,
Oussama Zemraoui,Morocco,TBD,MID,Al Masry,,,256,61,Well-known club-level player,Manual tier,Medium,Egyptian league foreign player,
Ahmed Masoud,Egypt,TBD,GK,El Gouna; Al Masry,,,257,60,Well-known club-level player,Manual tier,Medium,Egyptian league goalkeeper,
Idrissa Coulibaly,Mali,TBD,DEF,Al Ahly; Raja Casablanca,,,258,60,Well-known club-level player,Manual tier,Medium,Foreign-pro league player,
Kwaku Afriyie (Ahmet Feliks),Ghana,03/01/1945,MID,Ismaily,,,259,60,Well-known club-level player,Heuristic estimate,Medium,Heuristic: foreign import / major-club section,
Mounder Temine,Algeria,TBD,FWD,CS Constantine; Al Masry,,,260,60,Well-known club-level player,Manual tier,Medium,Egyptian league foreign player,
Moussa Kabore,Burkina Faso,TBD,DEF,Smouha; Al Masry,,,261,60,Well-known club-level player,Manual tier,Medium,Foreign-pro league player,
Sebastien Charlot (Elijah Tana),Zambia,02/28/1975,DEF,"Nchanga Rangers, Petro de Luanda, El-Entag El-Harby, Zamalek",,,262,60,Well-known club-level player,Heuristic estimate,Medium,Heuristic: foreign import / major-club section,
Kingsley Sokari,Nigeria,05/30/1995,MID,Enyimba; CS Sfaxien; Club Africain; Pharco,,,263,59,Recognized niche player,Heuristic estimate,Low,Heuristic: foreign import / major-club section,
Adel El-Maamour,Egypt,11/12/1954,GK,Zamalek,,,264,58,Recognized niche player,Heuristic estimate,Low,Heuristic: historic/major Egyptian football section,
Al-Sayed Al-Dizwi,Egypt,09/14/1926,FWD,"Al-Masry, Al Ahly",,,265,58,Recognized niche player,Heuristic estimate,Low,Heuristic: historic/major Egyptian football section,
Anwar Salama,Egypt,02/20/1947,MID,Al Ahly,,,266,58,Recognized niche player,Heuristic estimate,Low,Heuristic: historic/major Egyptian football section,
Ashour El-Adham,Egypt,06/11/1985,MID,"Al-Masry, Zamalek, El-Gouna, Ittihad El-Iskandary, Misr Lel-Makkasa",,,267,58,Recognized niche player,Heuristic estimate,Low,Heuristic: historic/major Egyptian football section,
Ayman Abdel-Aziz,Egypt,11/20/1978,MID,"Zamalek, Kocaelispor, Malatyaspor, Gençlerbirliği, Trabzonspor, Konyaspor, Diyarbakırspor, Çaykur Rizespor, Misr Lel Makkasa",,,268,58,Recognized niche player,Heuristic estimate,Low,Heuristic: historic/major Egyptian football section,
Ayman Shawky,Egypt,12/09/1962,FWD,"Al-Kroum, Al Ahly, Zamalek",,,269,58,Recognized niche player,Heuristic estimate,Low,Heuristic: historic/major Egyptian football section,
Ezz El-Din Yaqoub,Egypt,03/15/1941,FWD,Olympic Club,,,270,58,Recognized niche player,Heuristic estimate,Low,Heuristic: historic/major Egyptian football section,
Hamdi Nouh,Egypt,12/12/1955,FWD,"Arab Contractors, Ismaily",,,271,58,Recognized niche player,Heuristic estimate,Low,Heuristic: historic/major Egyptian football section,
Hanafy Bastan,Egypt,01/06/1922,DEF,Zamalek,,,272,58,Recognized niche player,Heuristic estimate,Low,Heuristic: historic/major Egyptian football section,
Hesham Yakan,Egypt,08/10/1962,DEF,Zamalek,,,273,58,Recognized niche player,Heuristic estimate,Low,Heuristic: historic/major Egyptian football section,
Hossam Arafat,Egypt,01/18/1990,MID,"Zamalek, Ghazl El-Mahalla, Wadi Degla, ENPPI",,,274,58,Recognized niche player,Heuristic estimate,Low,Heuristic: historic/major Egyptian football section,
Hussein Abdel-Latif,Egypt,12/18/1965,DEF,"El-Minya, Zamalek",,,275,58,Recognized niche player,Heuristic estimate,Low,Heuristic: historic/major Egyptian football section,
Medhat Abdel-Hady,Egypt,07/12/1974,DEF,"Zamalek, Kocaelispor, Petrojet",,,276,58,Recognized niche player,Heuristic estimate,Low,Heuristic: historic/major Egyptian football section,
Moataz Eno,Egypt,10/09/1983,MID,"Zamalek, Al Ahly, Smouha, Haras El Hodoud, Tala'ea El Gaish",,,277,58,Recognized niche player,Heuristic estimate,Low,Heuristic: historic/major Egyptian football section,
Mustafa Mansour,Egypt,08/02/1914,GK,"Al Ahly, Queen's Park",,,278,58,Recognized niche player,Heuristic estimate,Low,Heuristic: historic/major Egyptian football section,
Mustafa Reyadh,Egypt,04/05/1941,FWD,Tersana,,,279,58,Recognized niche player,Heuristic estimate,Low,Heuristic: historic/major Egyptian football section,
Nasser Mohamed Ali,Egypt,01/14/1960,FWD,Arab Contractors,,,280,58,Recognized niche player,Heuristic estimate,Low,Heuristic: historic/major Egyptian football section,
Osama Nabih,Egypt,01/20/1975,FWD,"Zamalek, Tersana, Ittihad El-Iskandary, Ittihad Tripoli",,,281,58,Recognized niche player,Heuristic estimate,Low,Heuristic: historic/major Egyptian football section,
Reda Shehata,Egypt,10/04/1980,MID,"El-Mansoura, Al Ahly, ENPPI, Ittihad El-Iskandary, El-Gouna",,,282,58,Recognized niche player,Heuristic estimate,Low,Heuristic: historic/major Egyptian football section,
Salah Amin,Egypt,09/18/1981,FWD,"Ismaily, Tala'ea El-Gaish, Smouha, El-Entag El-Harby, Wadi Degla",,,283,58,Recognized niche player,Heuristic estimate,Low,Heuristic: historic/major Egyptian football section,
Salah Soliman,Egypt,01/20/1990,DEF,"Ghazl El-Mahalla, Zamalek, ENPPI, Misr Lel-Makkasa",,,284,58,Recognized niche player,Heuristic estimate,Low,Heuristic: historic/major Egyptian football section,
Sami El-Sheshini,Egypt,01/23/1972,DEF,"Zamalek, El-Kuwait, El-Gouna",,,285,58,Recognized niche player,Heuristic estimate,Low,Heuristic: historic/major Egyptian football section,
Samir Kamouna,Egypt,04/02/1972,DEF,"Al Ahly, 1. FC Kaiserslautern, Bursaspor, الاتفاق, El Mokawloon, Al-Masry",,,286,58,Recognized niche player,Heuristic estimate,Low,Heuristic: historic/major Egyptian football section,
Sayed Al-Thaalab,Egypt,11/05/1951,DEF,El-Mansoura,,,287,58,Recognized niche player,Heuristic estimate,Low,Heuristic: historic/major Egyptian football section,
Shady Mohamed,Egypt,11/29/1977,DEF,"El-Kroum, Al Ahly, Ismaily, Ittihad El-Iskandary, Baniyas",,,288,58,Recognized niche player,Heuristic estimate,Low,Heuristic: historic/major Egyptian football section,
Shawky Gharieb,Egypt,02/11/1959,MID,Ghazl El-Mahalla,,,289,58,Recognized niche player,Heuristic estimate,Low,Heuristic: historic/major Egyptian football section,
Sherif Abdel-Fadil,Egypt,03/02/1983,DEF,"Ismaily, Al Ahly, Smouha",,,290,58,Recognized niche player,Heuristic estimate,Low,Heuristic: historic/major Egyptian football section,
Sherif Ekramy,Egypt,07/10/1983,GK,"Al Ahly, Feyenoord, Ankaragücü, El Gouna, Pyramids",,,291,58,Recognized niche player,Heuristic estimate,Low,Heuristic: historic/major Egyptian football section,
Tarek El-Said,Egypt,04/05/1978,MID,"Zamalek, Anderlecht, Ismaily, Al Ahly",,,292,58,Recognized niche player,Heuristic estimate,Low,Heuristic: historic/major Egyptian football section,
Walid Salah El-Din,Egypt,10/27/1971,MID,"Al Ahly, Ittihad El-Iskandary",,,293,58,Recognized niche player,Heuristic estimate,Low,Heuristic: historic/major Egyptian football section,
Yasser Radwan,Egypt,04/22/1972,DEF,"Baladeyet El Mahalla, Hansa Rostock, Al Ahly, Ghazl El Mahalla",,,294,58,Recognized niche player,Heuristic estimate,Low,Heuristic: historic/major Egyptian football section,
Yasser Rayyan,Egypt,03/25/1970,MID,"El-Mansoura, Al Ahly, ENPPI",,,295,58,Recognized niche player,Heuristic estimate,Low,Heuristic: historic/major Egyptian football section,
Abdelkabir El Ouadi,Morocco,02/20/1993,FWD,Wadi Degla; Smouha; Modern Sport,,,296,57,Recognized niche player,Heuristic estimate,Low,Heuristic: foreign import / major-club section,
Abdoulaye Touré,Guinea,03/03/1994,MID,Nantes; Genoa; Fatih Karagümrük; Pyramids; Le Havre,,,297,57,Recognized niche player,Heuristic estimate,Low,Heuristic: foreign import / major-club section,
Achraf Dari,Morocco,05/06/1999,DEF,Wydad Casablanca; Brest; Charleroi; Al Ahly,,,298,57,Recognized niche player,Heuristic estimate,Low,Heuristic: foreign import / major-club section,
Akwetey Mensah,Ghana,04/15/1983,MID,"Ismaily, Al Ahly, El-Masry, Lierse, Wadi Degla",,,299,57,Recognized niche player,Heuristic estimate,Low,Heuristic: foreign import / major-club section,
Anis Boujelbene,Tunisia,02/06/1978,MID,CS Sfaxien; Al Ahly; Al Khaleej; Club Africain,,,300,57,Recognized niche player,Heuristic estimate,Low,Heuristic: foreign import / major-club section,
Anthony Okpotu,Nigeria,03/05/1994,FWD,Lobi Stars; Al Ittihad Tripoli; Al Masry; US Monastir; Qatar SC,,,301,57,Recognized niche player,Heuristic estimate,Low,Heuristic: foreign import / major-club section,
Austin Amutu,Nigeria,02/20/1993,FWD,Warri Wolves; Kelantan; Yeni Malatyaspor; Al Masry; Ittihad Alexandria,,,302,57,Recognized niche player,Heuristic estimate,Low,Heuristic: foreign import / major-club section,
Benjamin Acheampong,Ghana,12/15/1990,FWD,Wa All Stars; Asante Kotoko; Dakhleya; Zamalek; Petrojet,,,303,57,Recognized niche player,Heuristic estimate,Low,Heuristic: foreign import / major-club section,
Dominique Da Silva,Mauritanian,08/16/1989,FWD,"Académie de Sol Beni, CS Sfaxien, Al Ahly, Zamalek, Al-Uruba",,,304,57,Recognized niche player,Heuristic estimate,Low,Heuristic: foreign import / major-club section,
Elvis Chikatara,Nigeria,TBD,FWD,El Gouna; Al Masry,,,305,57,Recognized niche player,Heuristic estimate,Low,Heuristic: foreign import / major-club section,
Emeka Eze,Nigeria,TBD,MID,El Entag El Harby; Al Masry; Ceramica Cleopatra,,,306,57,Recognized niche player,Heuristic estimate,Low,Heuristic: foreign import / major-club section,
Emeka Opara,Nigeria,12/02/1984,FWD,"Enugu Rangers, Étoile du Sahel, Kaiserslautern, Khazar Lankaran, Al-Masry",,,307,57,Recognized niche player,Heuristic estimate,Low,Heuristic: foreign import / major-club section,
Eric Bekoe,Ghana,12/10/1986,FWD,Liberty Professionals; Heart of Lions; Asante Kotoko; Petrojet; Berekum Chelsea; Kafr El Sheikh; AFC Leopards,,,308,57,Recognized niche player,Heuristic estimate,Low,Heuristic: foreign import / major-club section,
Ernest Papa Arko,Ghana,05/12/1984,FWD,"Liberty Professionals, Zamalek, Tala'ea El-Gaish, Arab Contractors, Smouha, El-Entag El-Harby",,,309,57,Recognized niche player,Heuristic estimate,Low,Heuristic: foreign import / major-club section,
Fagrie Lakay,South Africa,05/31/1997,FWD,Pyramids; Ceramica Cleopatra,,,310,57,Recognized niche player,Heuristic estimate,Low,Heuristic: foreign import / major-club section,
Felix Aboagye,Ghana,12/05/1975,FWD,"Hearts of Oak, Al Ahly, Olympiacos, Zamalek, Qatar SC, El-Zohour",,,311,57,Recognized niche player,Heuristic estimate,Low,Heuristic: foreign import / major-club section,
Francis Afriyie,Ghana,TBD,FWD,Ismaily; Ghazl El Mahalla,,,312,57,Recognized niche player,Heuristic estimate,Low,Heuristic: foreign import / major-club section,
Godwin Attram,Ghana,08/07/1980,FWD,PSV; Silkeborg; Stade Tunisien; Al-Shabab; Al-Hazem; Al-Shaab; Smouha; Hajer; Great Olympics,,,313,57,Recognized niche player,Heuristic estimate,Low,Heuristic: foreign import / major-club section,
Hady Reyad,Egypt,TBD,DEF,Petrojet; Al Ahly,,,314,57,Recognized niche player,Heuristic estimate,Low,Heuristic: foreign import / major-club section,
Hatem Soker,Egypt,TBD,DEF,Zamalek,,,315,57,Recognized niche player,Heuristic estimate,Low,Heuristic: foreign import / major-club section,
Hicham Boussefiane,Morocco,01/09/1998,FWD,Málaga; Wydad Casablanca; Zamalek,,,316,57,Recognized niche player,Heuristic estimate,Low,Heuristic: foreign import / major-club section,
Ibrahima Ndiaye,Senegal,07/06/1998,FWD,Wadi Degla; Luzern; Zamalek,,,317,57,Recognized niche player,Heuristic estimate,Low,Heuristic: foreign import / major-club section,
Issahaku Yakubu,Ghana,TBD,DEF,Wadi Degla; Al Ittihad Alexandria,,,318,57,Recognized niche player,Heuristic estimate,Low,Heuristic: foreign import / major-club section,
John Ebuka Okoye,Nigeria,TBD,FWD,ENPPI; Ceramica Cleopatra; Al Masry,,,319,57,Recognized niche player,Heuristic estimate,Low,Heuristic: foreign import / major-club section,
Jorginho James,Ghana,TBD,FWD,Ismaily; Al Ittihad Alexandria,,,320,57,Recognized niche player,Heuristic estimate,Low,Heuristic: foreign import / major-club section,
Joseph Ochaya,Uganda,12/14/1993,DEF,Kampala Capital City Authority; Asante Kotoko; TP Mazembe; El Mokawloon,,,321,57,Recognized niche player,Heuristic estimate,Low,Heuristic: foreign import / major-club section,
Maarouf Yussuf,Nigeria,TBD,MID,Ittihad El Shorta; Zamalek; Al Mokawloon; National Bank,,,322,57,Recognized niche player,Heuristic estimate,Low,Heuristic: foreign import / major-club section,
Marc Mboua,Côte d’Ivoire,02/26/1986,FWD,"Zamalek, El-Masry, Smouha, Ittihad El-Iskandary",,,323,57,Recognized niche player,Heuristic estimate,Low,Heuristic: foreign import / major-club section,
Marwan Sahraoui,Tunisia,01/09/1996,DEF,CS Sfaxien; Ismaily; Pyramids,,,324,57,Recognized niche player,Heuristic estimate,Low,Heuristic: foreign import / major-club section,
Minusu Buba,Nigeria,04/18/1985,FWD,"Lobi Stars, Ittihad El-Iskandary, ENPPI, Arab Contractors, El-Gouna, Misr Lel-Makkasa, El-Dakhleya",,,325,57,Recognized niche player,Heuristic estimate,Low,Heuristic: foreign import / major-club section,
Nana Poku,Ghana,09/01/1992,FWD,Berekum Arsenal; Ashanti Gold; Ittihad El Shorta; Misr Lel Makkasa; Zamalek,,,326,57,Recognized niche player,Heuristic estimate,Low,Heuristic: foreign import / major-club section,
Peter Ebimobowei,Nigeria,11/11/1993,FWD,Bayelsa United; Al Ahly; Al Masry; Mouloudia Oujda,,,327,57,Recognized niche player,Heuristic estimate,Low,Heuristic: foreign import / major-club section,
Rafik Kabou,Tunisia,TBD,FWD,Wadi Degla; ENPPI; Future / Modern Sport,,,328,57,Recognized niche player,Heuristic estimate,Low,Heuristic: foreign import / major-club section,
Razak Cisse,Côte d’Ivoire,12/30/1998,FWD,"Mouna FC, Ittihad El-Iskandary, Zamalek, National Bank",,,329,57,Recognized niche player,Heuristic estimate,Low,Heuristic: foreign import / major-club section,
Reda Slim,Morocco,10/25/1999,FWD,FAR Rabat; Al Ahly; Al Wakrah,,,330,57,Recognized niche player,Heuristic estimate,Low,Heuristic: foreign import / major-club section,
Salif Coulibaly,Mali,TBD,DEF,TP Mazembe; Al Ahly,,,331,57,Recognized niche player,Heuristic estimate,Low,Heuristic: foreign import / major-club section,
Sekou Camara,Guinea,TBD,FWD,Al Ittihad Alexandria; Pharco,,,332,57,Recognized niche player,Heuristic estimate,Low,Heuristic: foreign import / major-club section,
Serge Akakpo,Togo,10/15/1987,DEF,Auxerre; Žilina; Hoverla Uzhhorod; Trabzonspor; Al Masry; Arsenal Tula,,,333,57,Recognized niche player,Heuristic estimate,Low,Heuristic: foreign import / major-club section,
Sodiq Awujoola,Nigeria,11/10/2000,FWD,Smouha; Ceramica Cleopatra; Pyramids,,,334,57,Recognized niche player,Heuristic estimate,Low,Heuristic: foreign import / major-club section,
Stanley Ohawuchi,Nigeria,05/27/1990,FWD,"Bayelsa United, Heartland, Sliema Wanderers, Wadi Degla, Zamalek, Al-Qadsiah",,,335,57,Recognized niche player,Heuristic estimate,Low,Heuristic: foreign import / major-club section,
Udo Fortune,Nigeria,02/02/1988,FWD,Akwa United; ENPPI; Ismaily; Al Mokawloon,,,336,57,Recognized niche player,Heuristic estimate,Low,Heuristic: foreign import / major-club section,
William Jebor,Liberian,11/10/1991,FWD,"LPRC Oilers, Tala'ea El-Gaish, Rio Ave, Wydad Casablanca, Al-Nassr",,,337,57,Recognized niche player,Heuristic estimate,Low,Heuristic: foreign import / major-club section,
Yassin Marei,Egypt,TBD,DEF,Pharco; Al Ahly,,,338,57,Recognized niche player,Heuristic estimate,Low,Heuristic: foreign import / major-club section,
Yaw Annor,Ghana,12/03/1997,FWD,Bechem United; Fuenlabrada; Ashanti Gold; Ismaily; National Bank of Egypt,,,339,57,Recognized niche player,Heuristic estimate,Low,Heuristic: foreign import / major-club section,
Abdel-Hamid El-Shaheen,Egypt,11/01/1939,GK,Zamalek,,,340,56,Recognized niche player,Heuristic estimate,Low,Heuristic: historic/major Egyptian football section,
Abdel-Rasoul Ahmed,Egypt,11/10/1961,MID,El-Minya,,,341,56,Recognized niche player,Heuristic estimate,Low,Heuristic: historic/major Egyptian football section,
Abdel-Zaher El-Saqqa,Egypt,01/30/1974,DEF,"El Mansoura, Denizlispor, Gençlerbirliği, Konyaspor, Eskişehirspor",,,342,56,Recognized niche player,Heuristic estimate,Low,Heuristic: historic/major Egyptian football section,
Ahmed Abou Rehab,Egypt,03/12/1950,FWD,Ismaily,,,343,56,Recognized niche player,Heuristic estimate,Low,Heuristic: historic/major Egyptian football section,
Ahmed Ali Kamel,Egypt,05/21/1986,FWD,"Gasco, Ismaily, Al-Hilal, Zamalek, Wadi Degla, Arab Contractors, Pyramids, Ittihad",,,344,56,Recognized niche player,Heuristic estimate,Low,Heuristic: historic/major Egyptian football section,
Ahmed Gaafar,Egypt,12/21/1985,FWD,"Ittihad El-Iskandary, Zamalek, ENPPI, Petrojet, Tala'ea El-Gaish",,,345,56,Recognized niche player,Heuristic estimate,Low,Heuristic: historic/major Egyptian football section,
Ahmed Magdy,Egypt,05/24/1986,DEF,"Al Ahly, Panionios, Atromitos, Zamalek, El-Watan, Wadi Degla, El-Entag El-Harby, Ghazl El Mahalla, Al Ittihad Alexandria",,,346,56,Recognized niche player,Heuristic estimate,Low,Heuristic: historic/major Egyptian football section,merged_duplicate:Ahmed Magdy
Ahmed Mostafa,Egypt,03/08/1940,DEF,Zamalek,,,347,56,Recognized niche player,Heuristic estimate,Low,Heuristic: historic/major Egyptian football section,
Ahmed Noureldin Hamoudi,Egypt,07/30/1990,MID,"Smouha, Basel, Zamalek, Al-Batin, Al Ahly, Pyramids, Aswan",,,348,56,Recognized niche player,Heuristic estimate,Low,Heuristic: historic/major Egyptian football section,
Ahmed Raouf,Egypt,09/15/1982,FWD,"Al-Qanah, ENPPI, Al Ahly, Al-Masry, Smouha, Wadi Degla, Petrojet",,,349,56,Recognized niche player,Heuristic estimate,Low,Heuristic: historic/major Egyptian football section,
Ahmed Shedid Qenaoui,Egypt,01/01/1986,DEF,"Al Ahly, Al-Masry, Tala'ea El-Gaish, Ittihad El-Iskandary, Aswan",,,350,56,Recognized niche player,Heuristic estimate,Low,Heuristic: historic/major Egyptian football section,
Ahmed Shoukry,Egypt,07/21/1989,MID,"Al Ahly, Telephonat Beni Suef, Smouha, Al-Masry, ENPPI, Pro Sesto",,,351,56,Recognized niche player,Heuristic estimate,Low,Heuristic: historic/major Egyptian football section,
Ali Abo Gresha,Egypt,11/29/1947,FWD,Ismaily,,,352,56,Recognized niche player,Heuristic estimate,Low,Heuristic: historic/major Egyptian football section,
Ali Ghazal,Egypt,02/01/1992,DEF,"Wadi Degla, Nacional, Guizhou Zhicheng, Vancouver Whitecaps, Feirense, Larissa, Smouha, Misr Lel Makkasa",,,353,56,Recognized niche player,Heuristic estimate,Low,Heuristic: historic/major Egyptian football section,
Ali Shehata,Egypt,06/20/1959,DEF,Arab Contractors,,,354,56,Recognized niche player,Heuristic estimate,Low,Heuristic: historic/major Egyptian football section,
Amr Al-Halwani,Egypt,03/15/1985,DEF,"Al Ahly, Apollon Kalamarias, Veria, Ionikos, ENPPI, Aswan, Haras El-Hodoud",,,355,56,Recognized niche player,Heuristic estimate,Low,Heuristic: historic/major Egyptian football section,
Amr El-Hadidy,Egypt,12/24/1969,DEF,"Ghazl El-Mahalla, Al Ahly, Arab Contractors",,,356,56,Recognized niche player,Heuristic estimate,Low,Heuristic: historic/major Egyptian football section,
Ibrahim Said,Egypt,10/16/1979,DEF,"Al Ahly, Everton, Zamalek, Çaykur Rizespor, Ankaragücü, Ismaily, Ittihad Alexandria",,,357,56,Recognized niche player,Heuristic estimate,Low,Heuristic: historic/major Egyptian football section,
Mahmoud Abou El-Saoud,Egypt,11/30/1987,GK,"El-Mansoura, Al Ahly, Arab Contractors",,,358,56,Recognized niche player,Heuristic estimate,Low,Heuristic: historic/major Egyptian football section,
Mahmoud Abou-Regaila,Egypt,09/09/1941,DEF,Zamalek,,,359,56,Recognized niche player,Heuristic estimate,Low,Heuristic: historic/major Egyptian football section,
Mahmoud Saleh,Egypt,08/16/1960,DEF,Al Ahly,,,360,56,Recognized niche player,Heuristic estimate,Low,Heuristic: historic/major Egyptian football section,
Mohamed Abdelwahab,Egypt,10/01/1983,DEF,"Aluminium Nag Hammadi, ENPPI, Al-Dhafra, Al Ahly",,,361,56,Recognized niche player,Heuristic estimate,Low,Heuristic: historic/major Egyptian football section,
Mohamed Abdullah,Egypt,05/23/1983,DEF,"Ismaily, Al Ahly, Konyaspor, Zamalek, Ittihad El-Iskandary, Smouha, El-Entag El-Harby",,,362,56,Recognized niche player,Heuristic estimate,Low,Heuristic: historic/major Egyptian football section,
Mohamed El-Garny,Egypt,01/15/1983,MID,"Zamalek, El-Gouna, Arab Contractors",,,363,56,Recognized niche player,Heuristic estimate,Low,Heuristic: historic/major Egyptian football section,
Mohamed El-Ghazaly,Egypt,05/11/1923,DEF,Zamalek,,,364,56,Recognized niche player,Heuristic estimate,Low,Heuristic: historic/major Egyptian football section,
Mohamed Farouk,Egypt,09/14/1989,MID,"Arab Contractors, Al Ahly, Wadi Degla, El-Entag El-Harby, Pyramids, Modern Future",,,365,56,Recognized niche player,Heuristic estimate,Low,Heuristic: historic/major Egyptian football section,
Mohamed Helmy,Egypt,10/29/1962,MID,Zamalek,,,366,56,Recognized niche player,Heuristic estimate,Low,Heuristic: historic/major Egyptian football section,
Mohamed Radwan,Egypt,04/17/1958,DEF,Arab Contractors,,,367,56,Recognized niche player,Heuristic estimate,Low,Heuristic: historic/major Egyptian football section,
Mohamed Salah El-Din,Egypt,11/12/1971,MID,Al Ahly,,,368,56,Recognized niche player,Heuristic estimate,Low,Heuristic: historic/major Egyptian football section,
Mohamed Shawky,Egypt,10/05/1981,MID,"El Mansoura, Al Ahly, Middlesbrough, Kayserispor, Al-Naft, Kelantan",,,369,56,Recognized niche player,Heuristic estimate,Low,Heuristic: historic/major Egyptian football section,
Mostafa Shebeita,Egypt,05/10/1986,MID,"Al Ahly, Ittihad El-Iskandary, Wadi Degla, Misr Lel-Makkasa, Petrojet",,,370,56,Recognized niche player,Heuristic estimate,Low,Heuristic: historic/major Egyptian football section,
Abdallah Bakri,Egypt,10/28/1994,DEF,Al Masry; Pyramids; Pharco; ZED,,,371,55,Recognized niche player,Heuristic estimate,Low,Heuristic: recognized Egyptian league section,
Abdoulaye Cissé,Burkina Faso,TBD,FWD,Zamalek; Al Ittihad Alexandria; Al Masry,,,372,55,Recognized niche player,Heuristic estimate,Low,Heuristic: recognized Egyptian league section,
Ahmed Kaboria,Egypt,TBD,MID,Al Masry; Zamalek; Tala’ea El Gaish; Ceramica Cleopatra,,,373,55,Recognized niche player,Heuristic estimate,Low,Heuristic: recognized Egyptian league section,
Amer Amer,Egypt,02/14/1987,GK,El Gouna; El Entag El Harby; Ceramica Cleopatra; Al Masry,,,374,55,Recognized niche player,Heuristic estimate,Low,Heuristic: recognized Egyptian league section,
Amir Abdelhamid,Egypt,04/24/1979,GK,Al Ahly; Al Masry; Smouha; Wadi Degla,,,375,55,Recognized niche player,Heuristic estimate,Low,Heuristic: recognized Egyptian league section,
Amr El Gazar,Egypt,TBD,DEF,Bank El Ahly; Al Ahly,,,376,55,Recognized niche player,Heuristic estimate,Low,Heuristic: foreign import / major-club section,
Bahaa Magdy,Egypt,TBD,DEF,Ismaily; Zamalek; Al Masry; Ceramica Cleopatra,,,377,55,Recognized niche player,Heuristic estimate,Low,Heuristic: recognized Egyptian league section,
Blati Touré,Burkina Faso,08/04/1994,MID,Evian; Omonia; Vitória Guimarães; Pyramids,,,378,55,Recognized niche player,Heuristic estimate,Low,Heuristic: recognized Egyptian league section,
Bruno Sávio,Brazil,08/01/1994,FWD,Guarani; Louletano; Desportivo Brasil; América Mineiro; Bolívar; Al Ahly,,,379,55,Recognized niche player,Heuristic estimate,Low,Heuristic: recognized Egyptian league section,
Didier Kadio,Côte d’Ivoire,04/05/1990,MID,ASEC Mimosas; Zamalek; Smouha; Al Hilal Omdurman,,,380,55,Recognized niche player,Heuristic estimate,Low,Heuristic: recognized Egyptian league section,
Diego Calderón,Colombia,10/26/1989,FWD,Deportivo Cali; Once Caldas; Ismaily; Al Faisaly; Kuwait SC,,,381,55,Recognized niche player,Heuristic estimate,Low,Heuristic: recognized Egyptian league section,
Ehab El Masry,Egypt,10/22/1985,FWD,Al Mokawloon; Al Masry; Smouha; Raja,,,382,55,Recognized niche player,Heuristic estimate,Low,Heuristic: recognized Egyptian league section,
El Mahdi Soliman,Egypt,06/08/1987,GK,Petrojet; ENPPI; Smouha; Pyramids; Ittihad Alexandria,,,383,55,Recognized niche player,Heuristic estimate,Low,Heuristic: recognized Egyptian league section,
Eric Traoré,Burkina Faso,05/21/1996,MID,"USO, Aswan, Misr Lel-Makkasa, Pyramids, ENPPI, Ismaily",,,384,55,Recognized niche player,Heuristic estimate,Low,Heuristic: recognized Egyptian league section,
Ezechiel Ndouassel,Chad,04/22/1988,FWD,Tourbillon; Club Africain; Terek Grozny; Konyaspor; Zamalek; CS Sfaxien; Bhayangkara,,,385,55,Recognized niche player,Heuristic estimate,Low,Heuristic: recognized Egyptian league section,
Frank Etouga,Cameroon,08/30/2001,FWD,Nkufo Academy; AS Fortuna; Asante Kotoko; Al Masry,,,386,55,Recognized niche player,Heuristic estimate,Low,Heuristic: recognized Egyptian league section,
Hisham Mohamed,Egypt,01/03/1990,MID,Al Ahly; Misr Lel Makkasa; Ismaily; Ittihad Alexandria,,,387,55,Recognized niche player,Heuristic estimate,Low,Heuristic: recognized Egyptian league section,
Hussein Faisal,Egypt,03/04/1999,MID,Zamalek; Smouha; Al Masry,,,388,55,Recognized niche player,Heuristic estimate,Low,Heuristic: recognized Egyptian league section,
Jean Morel Poé,Côte d’Ivoire,12/15/1996,MID,ASEC Mimosas; Ismaily; ENPPI,,,389,55,Recognized niche player,Heuristic estimate,Low,Heuristic: recognized Egyptian league section,
Jonathan Ngwem,Cameroon,07/20/1991,DEF,Unisport Bafang; Progresso Sambizanga; El Gouna; Future / Modern Sport,,,390,55,Recognized niche player,Heuristic estimate,Low,Heuristic: recognized Egyptian league section,
Karim El Debes,Egypt,TBD,DEF,Wadi Degla; Al Ahly; Ceramica Cleopatra,,,391,55,Recognized niche player,Heuristic estimate,Low,Heuristic: foreign import / major-club section,
Karim Nedved,Egypt,08/08/1997,MID,Al Ahly; Haras El Hodoud; Future / Modern Sport; Ceramica Cleopatra,,,392,55,Recognized niche player,Heuristic estimate,Low,Heuristic: recognized Egyptian league section,
Lema Mabidi,DR Congo,06/11/1993,MID,AS Vita Club; CS Sfaxien; Raja Casablanca; Al Masry; Al Ahli Benghazi,,,393,55,Recognized niche player,Heuristic estimate,Low,Heuristic: recognized Egyptian league section,
Mahmoud Bentayg,Morocco,10/30/1999,DEF,Raja Beni Mellal; Saint-Étienne; Zamalek,,,394,55,Recognized niche player,Heuristic estimate,Low,Heuristic: foreign import / major-club section,
Mahmoud Wadi,Palestine,12/19/1994,FWD,Al Ahli Gaza; Al Masry; Pyramids; Tala’ea El Gaish,,,395,55,Recognized niche player,Heuristic estimate,Low,Heuristic: foreign import / major-club section,
Mido Gaber,Egypt,05/09/1995,MID,Misr Lel Makkasa; Al Ahly; Ceramica Cleopatra; Al Masry,,,396,55,Recognized niche player,Heuristic estimate,Low,Heuristic: recognized Egyptian league section,
Mohamed Abdel Latif Grendo,Egypt,08/09/1991,FWD,Al Masry; Bank Al Ahly; Haras El Hodoud,,,397,55,Recognized niche player,Heuristic estimate,Low,Heuristic: recognized Egyptian league section,
Mohamed Fakhry,Egypt,TBD,MID,Al Ahly; Pharco,,,398,55,Recognized niche player,Heuristic estimate,Low,Heuristic: foreign import / major-club section,
Mohamed Seha,Egypt,TBD,GK,Al Mokawloon; Al Ahly,,,399,55,Recognized niche player,Heuristic estimate,Low,Heuristic: foreign import / major-club section,
Mohamed Shokry,Egypt,TBD,DEF,Al Ahly; Smouha; Ceramica Cleopatra,,,400,55,Recognized niche player,Heuristic estimate,Low,Heuristic: foreign import / major-club section,
Osama Hosny,Egypt,06/18/1982,FWD,Al Ahly; Misr Lel Makkasa; Haras El Hodoud,,,401,55,Recognized niche player,Heuristic estimate,Low,Heuristic: recognized Egyptian league section,
Osama Ibrahim,Egypt,TBD,DEF,"Zamalek, Smouha, Ismaily, National Bank, ENPPI, Bank El Ahly",,,402,55,Recognized niche player,Heuristic estimate,Low,Heuristic: recognized Egyptian league section,merged_duplicate:Osama Ibrahim
Oussou Konan,Côte d’Ivoire,01/23/1989,FWD,Africa Sports; Misr Lel Makkasa; Al Ahly; Hajer; Gaziantep BB,,,403,55,Recognized niche player,Heuristic estimate,Low,Heuristic: recognized Egyptian league section,
Samson Akinyoola,Benin,03/03/2000,FWD,SFK Riga; Senica; Caracas; Zamalek,,,404,55,Recognized niche player,Heuristic estimate,Low,Heuristic: recognized Egyptian league section,
Sayed Salem,Egypt,TBD,DEF,Wadi Degla; Zamalek; Ittihad Alexandria,,,405,55,Recognized niche player,Heuristic estimate,Low,Heuristic: recognized Egyptian league section,
Saïdou Simporé,Burkina Faso,08/31/1992,MID,"Rail Club du Kadiogo, El-Dakhleya, Al-Masry, Ittihad El-Iskandary, National Bank",,,406,55,Recognized niche player,Heuristic estimate,Low,Heuristic: recognized Egyptian league section,
Shady Hussein,Egypt,TBD,FWD,El Gouna; Ceramica Cleopatra; Al Ahly; ZED,,,407,55,Recognized niche player,Heuristic estimate,Low,Heuristic: recognized Egyptian league section,
Sherif Ashraf,Egypt,01/01/1987,FWD,Al Ahly; Zamalek; El Gouna; Wadi Degla,,,408,55,Recognized niche player,Heuristic estimate,Low,Heuristic: recognized Egyptian league section,
Sherif Hazem,Egypt,01/01/1989,DEF,ENPPI; Petrojet; Smouha; Al Ahly; Ismaily; Al Wehda,,,409,55,Recognized niche player,Heuristic estimate,Low,Heuristic: recognized Egyptian league section,
Vincent Dié Foneye,Côte d’Ivoire,TBD,FWD,ENPPI; Al Ittihad Alexandria,,,410,55,Recognized niche player,Heuristic estimate,Low,Heuristic: recognized Egyptian league section,
Wael Qabani,Egypt,TBD,DEF,Zamalek; Al Masry; El Entag El Harby,,,411,55,Recognized niche player,Heuristic estimate,Low,Heuristic: recognized Egyptian league section,
Wael Reyad,Egypt,02/08/1982,MID,Al Ahly; Grazer AK; Petrojet; El Gouna,,,412,55,Recognized niche player,Heuristic estimate,Low,Heuristic: recognized Egyptian league section,
Youssef Belammari,Morocco,TBD,DEF,Raja Casablanca; Al Ahly,,,413,55,Recognized niche player,Heuristic estimate,Low,Heuristic: foreign import / major-club section,
Ziad Kamal,Egypt,01/16/2001,MID,ENPPI; Zamalek; Al Masry,,,414,55,Recognized niche player,Heuristic estimate,Low,Heuristic: recognized Egyptian league section,
Karim Walid “Nedved”,Egypt,TBD,MID,Al Ahly; Haras El Hodoud; Modern Sport,,,415,54,Recognized niche player,Heuristic estimate,Low,Heuristic: domestic league section,
Ahmed Adel Abdel Moneam,Egypt,04/10/1987,GK,Al Ahly; Misr Lel Makkasa; El Gouna,,,416,53,Recognized niche player,Heuristic estimate,Low,Heuristic: recognized Egyptian league section,
Ahmed Ayman,Egypt,TBD,DEF,Al Masry; Pyramids; Tala’ea El Gaish,,,417,53,Recognized niche player,Heuristic estimate,Low,Heuristic: recognized Egyptian league section,
Ahmed Ayman Mansour,Egypt,04/13/1994,DEF,El Dakhleya; Al Masry; Pyramids; Tala’ea El Gaish,,,418,53,Recognized niche player,Heuristic estimate,Low,Heuristic: recognized Egyptian league section,
Ahmed Dawooda,Egypt,TBD,MID,El Dakhleya; Zamalek; Al Masry; Tala’ea El Gaish,,,419,53,Recognized niche player,Heuristic estimate,Low,Heuristic: recognized Egyptian league section,
Ahmed Dwidar,Egypt,10/29/1987,DEF,Ittihad El Shorta; Zamalek; Smouha; Ismaily; El Entag El Harby,,,420,53,Recognized niche player,Heuristic estimate,Low,Heuristic: recognized Egyptian league section,
Ahmed Eid,Egypt,01/01/2001,DEF,"Zamalek, ENPPI, Al Masry, Al Ahly, Smouha",,,421,53,Recognized niche player,Heuristic estimate,Low,Heuristic: recognized Egyptian league section,merged_duplicate:Ahmed Eid
Ahmed El Sheikh,Egypt,09/11/1992,MID,Misr Lel Makkasa; Al Ahly; Al Masry; Pyramids; Pharco,,,422,53,Recognized niche player,Heuristic estimate,Low,Heuristic: recognized Egyptian league section,
Ahmed El-Merghany,Egypt,05/24/1988,MID,Zamalek; Wadi Degla; Misr Lel Makkasa; El Gouna,,,423,53,Recognized niche player,Heuristic estimate,Low,Heuristic: recognized Egyptian league section,
Ahmed Hamdy,Egypt,02/10/1998,MID,Al Ahly; El Gouna; CF Montréal; Zamalek,,,424,53,Recognized niche player,Heuristic estimate,Low,Heuristic: recognized Egyptian league section,
Ahmed Hassan Farag,Egypt,06/09/1982,FWD,Beni Suef; Al-Tahaddi; Aluminium; Ghazl El Mahalla; Al Ahly; Ittihad El Shorta; El Gouna,,,425,53,Recognized niche player,Heuristic estimate,Low,Heuristic: recognized Egyptian league section,
Ahmed Hassan Mekky,Egypt,04/20/1987,FWD,Haras El Hodoud; Zamalek; Smouha; El Entag El Harby; Ittihad Alexandria,,,426,53,Recognized niche player,Heuristic estimate,Low,Heuristic: recognized Egyptian league section,
Ahmed Khairy,Egypt,10/01/1987,MID,Ismaily; Al Ahly; Al Masry; Al Mokawloon,,,427,53,Recognized niche player,Heuristic estimate,Low,Heuristic: recognized Egyptian league section,
Ahmed Salah Hosny,Egypt,07/11/1979,FWD,Al Ahly; VfB Stuttgart; Gent; Rizespor; Ismaily,,,428,53,Recognized niche player,Heuristic estimate,Low,Heuristic: recognized Egyptian league section,
Ahmed Salama,Egypt,TBD,FWD,Haras El Hodoud; Zamalek; El Gouna,,,429,53,Recognized niche player,Heuristic estimate,Low,Heuristic: recognized Egyptian league section,
Ahmed Samir Abdel Moneim,Egypt,10/03/1981,DEF,Baladeyet El Mahalla; Zamalek; Haras El Hodoud; Lierse; Zamalek; Al Masry,,,430,53,Recognized niche player,Heuristic estimate,Low,Heuristic: recognized Egyptian league section,
Ahmed Samir Mohamed,Egypt,08/25/1994,MID,El Dakhleya; Zamalek; Ismaily; Al Masry; Wadi Degla; Ittihad Alexandria; Tala’ea El Gaish,,,431,53,Recognized niche player,Heuristic estimate,Low,Heuristic: recognized Egyptian league section,
Ahmed Samy,Egypt,TBD,DEF,Al Ahly; Haras El Hodoud; Misr Lel Makkasa; Pyramids,,,432,53,Recognized niche player,Heuristic estimate,Low,Heuristic: recognized Egyptian league section,
Ahmed Temsah,Egypt,TBD,FWD,El Dakhleya; Zamalek; Smouha; Ittihad Alexandria,,,433,53,Recognized niche player,Heuristic estimate,Low,Heuristic: recognized Egyptian league section,
Ahmed Yassin,Egypt,08/07/1997,DEF,Misr Lel Makkasa; National Bank of Egypt; Al Masry,,,434,53,Recognized niche player,Heuristic estimate,Low,Heuristic: recognized Egyptian league section,
Ali Lotfi,Egypt,10/14/1989,GK,ENPPI; Al Ahly; ZED,,,435,53,Recognized niche player,Heuristic estimate,Low,Heuristic: recognized Egyptian league section,
Amr El-Safty,Egypt,TBD,DEF,Al Masry; Zamalek; El Gouna; Ghazl El Mahalla,,,436,53,Recognized niche player,Heuristic estimate,Low,Heuristic: recognized Egyptian league section,
Amr Marei,Egypt,04/01/1992,FWD,ENPPI; Etoile du Sahel; Pyramids; Al Masry; Misr Lel Makkasa,,,437,53,Recognized niche player,Heuristic estimate,Low,Heuristic: recognized Egyptian league section,
Amr Tarek,Egypt,05/17/1992,DEF,El Gouna; Real Betis; Columbus Crew; Orlando City; New York Red Bulls; Al Masry,,,438,53,Recognized niche player,Heuristic estimate,Low,Heuristic: recognized Egyptian league section,
Islam Gaber,Egypt,05/01/1996,MID,Misr Lel Makkasa; Zamalek; National Bank; Smouha,,,439,53,Recognized niche player,Heuristic estimate,Low,Heuristic: recognized Egyptian league section,
Islam Gamal,Egypt,TBD,DEF,Zamalek; Ismaily; Al Masry; Tala’ea El Gaish,,,440,53,Recognized niche player,Heuristic estimate,Low,Heuristic: recognized Egyptian league section,
Islam Issa,Egypt,02/01/1996,FWD,Al Nasr; Al Masry; Pyramids; Ceramica Cleopatra,,,441,53,Recognized niche player,Heuristic estimate,Low,Heuristic: recognized Egyptian league section,
Islam Mohareb,Egypt,01/01/1992,MID,El Gouna; Smouha; Al Ahly; Tala’ea El Gaish; Ceramica Cleopatra,,,442,53,Recognized niche player,Heuristic estimate,Low,Heuristic: recognized Egyptian league section,
Karim Bambo,Egypt,05/13/1993,FWD,Ismaily; Al Ahly; Zamalek; National Bank; Ceramica Cleopatra,,,443,53,Recognized niche player,Heuristic estimate,Low,Heuristic: recognized Egyptian league section,
Karim El Eraki,Egypt,11/29/1997,DEF,Al Masry; Zamalek,,,444,53,Recognized niche player,Heuristic estimate,Low,Heuristic: recognized Egyptian league section,
Karim Tarek,Egypt,01/23/1992,FWD,Tala’ea El Gaish; El Gouna; Future / Modern Sport,,,445,53,Recognized niche player,Heuristic estimate,Low,Heuristic: recognized Egyptian league section,
Mahmoud Abdel Ati Donga,Egypt,06/28/1992,MID,Ismaily; Zamalek; Pyramids,,,446,53,Recognized niche player,Heuristic estimate,Low,Heuristic: recognized Egyptian league section,
Mahmoud Gad,Egypt,10/17/1998,GK,ENPPI; Al Masry,,,447,53,Recognized niche player,Heuristic estimate,Low,Heuristic: recognized Egyptian league section,
Mahmoud Metwally,Egypt,01/04/1993,DEF,Ismaily; Al Ahly; Ittihad Alexandria,,,448,53,Recognized niche player,Heuristic estimate,Low,Heuristic: recognized Egyptian league section,
Mahmoud Rizk,Egypt,TBD,DEF,El Entag El Harby; Ittihad Alexandria; Future / Modern Sport; Al Masry,,,449,53,Recognized niche player,Heuristic estimate,Low,Heuristic: recognized Egyptian league section,
Mahmoud Shabana,Egypt,05/29/1995,DEF,Aswan; Zamalek; Smouha; Future / Modern Sport,,,450,53,Recognized niche player,Heuristic estimate,Low,Heuristic: recognized Egyptian league section,
Mahmoud Wahid,Egypt,06/19/1994,DEF,Misr Lel Makkasa; Al Ahly; Tala’ea El Gaish,,,451,53,Recognized niche player,Heuristic estimate,Low,Heuristic: recognized Egyptian league section,
Mody,Egypt,TBD,DEF,Misr Lel Makkasa; Al Masry; El Gouna; Ceramica Cleopatra,,,452,53,Recognized niche player,Heuristic estimate,Low,Heuristic: domestic league section,
Mohamed Abdel Ghani,Egypt,01/30/1993,DEF,FC Masr; Zamalek; National Bank of Egypt,,,453,53,Recognized niche player,Heuristic estimate,Low,Heuristic: recognized Egyptian league section,
Mohamed Abdel Monsef,Egypt,02/06/1977,GK,Zamalek; El Gouna; ENPPI; Wadi Degla; Ittihad Alexandria,,,454,53,Recognized niche player,Heuristic estimate,Low,Heuristic: recognized Egyptian league section,
Mohamed Aboul Ela,Egypt,07/01/1980,MID,Zamalek; ENPPI; El Entag El Harby,,,455,53,Recognized niche player,Heuristic estimate,Low,Heuristic: recognized Egyptian league section,
Mohamed Adel Gomaa,Egypt,TBD,DEF,Al Masry; Zamalek; Ismaily; Petrojet,,,456,53,Recognized niche player,Heuristic estimate,Low,Heuristic: recognized Egyptian league section,
Mohamed Antar,Egypt,02/07/1993,FWD,Aswan; Zamalek; Al Masry; Ceramica Cleopatra; Tala’ea El Gaish,,,457,53,Recognized niche player,Heuristic estimate,Low,Heuristic: recognized Egyptian league section,
Mohamed Ashraf Rouka,Egypt,06/07/1993,MID,Zamalek; Tala’ea El Gaish,,,458,53,Recognized niche player,Heuristic estimate,Low,Heuristic: recognized Egyptian league section,
Mohamed Bassam,Egypt,12/25/1990,GK,Tala’ea El Gaish; Ceramica Cleopatra,,,459,53,Recognized niche player,Heuristic estimate,Low,Heuristic: recognized Egyptian league section,
Mohamed El Shamy,Egypt,01/01/1996,FWD,Al Masry; Zamalek; Ismaily; Pyramids,,,460,53,Recognized niche player,Heuristic estimate,Low,Heuristic: recognized Egyptian league section,
Mohamed El Yamani,Egypt,02/25/1982,FWD,Ismaily; Standard Liège; Zamalek; Ittihad Alexandria,,,461,53,Recognized niche player,Heuristic estimate,Low,Heuristic: recognized Egyptian league section,
Mohamed Fathi,Egypt,02/12/1994,MID,Ismaily; Pyramids; National Bank; Al Masry,,,462,53,Recognized niche player,Heuristic estimate,Low,Heuristic: recognized Egyptian league section,
Mohamed Gouda,Egypt,TBD,MID,Al Ahly; ENPPI; El Gouna,,,463,53,Recognized niche player,Heuristic estimate,Low,Heuristic: recognized Egyptian league section,
Mohamed Hamdi Zaki,Egypt,12/13/1991,FWD,Ittihad Alexandria; Al Ahly; ENPPI; Smouha; Ismaily; Wadi Degla; Aswan,,,464,53,Recognized niche player,Heuristic estimate,Low,Heuristic: recognized Egyptian league section,
Mohamed Hamdy,Egypt,03/15/1995,DEF,Al Ahly; Al Masry; Pyramids,,,465,53,Recognized niche player,Heuristic estimate,Low,Heuristic: recognized Egyptian league section,
Mohamed Hassan,Egypt,10/03/1993,MID,Al Ahly; Haras El Hodoud; Baladeyet El Mahalla; Wadi Degla; Zamalek; Ceramica Cleopatra; Ismaily; Al Masry; Al Mokawloon,,,466,53,Recognized niche player,Heuristic estimate,Low,Heuristic: recognized Egyptian league section,
Mohamed Ismail,Egypt,08/01/1999,DEF,ENPPI; Aswan; ZED; Zamalek,,,467,53,Recognized niche player,Heuristic estimate,Low,Heuristic: recognized Egyptian league section,
Mohamed Koffi,Burkina Faso,12/30/1986,DEF,Petrojet; Zamalek; Al Masry,,,468,53,Recognized niche player,Heuristic estimate,Low,Heuristic: recognized Egyptian league section,
Mohamed Mahmoud,Egypt,05/07/1998,MID,Wadi Degla; Al Ahly; Ittihad Alexandria; Future / Modern Sport,,,469,53,Recognized niche player,Heuristic estimate,Low,Heuristic: recognized Egyptian league section,
Mohamed Naguib,Egypt,01/19/1983,DEF,Ittihad Alexandria; Ittihad El Shorta; Al Ahly; El Gouna,,,470,53,Recognized niche player,Heuristic estimate,Low,Heuristic: recognized Egyptian league section,
Mohamed Nasif,Egypt,TBD,DEF,ENPPI; Zamalek; Tala’ea El Gaish; Wadi Degla,,,471,53,Recognized niche player,Heuristic estimate,Low,Heuristic: recognized Egyptian league section,
Mohamed Sadek,Egypt,07/06/1997,MID,Ismaily; Pyramids; Future / Modern Sport,,,472,53,Recognized niche player,Heuristic estimate,Low,Heuristic: recognized Egyptian league section,
Mohamed Samir,Egypt,TBD,DEF,Al Ahly; El Dakhleya; Al Mokawloon; Zamalek,,,473,53,Recognized niche player,Heuristic estimate,Low,Heuristic: recognized Egyptian league section,
Mohamed Sayed Abdel Azim,Egypt,TBD,MID,Al Ahly; Tala’ea El Gaish; Petrojet,,,474,53,Recognized niche player,Heuristic estimate,Low,Heuristic: recognized Egyptian league section,
Mohamed Shehata,Egypt,02/08/2001,MID,Tala’ea El Gaish; Zamalek,,,475,53,Recognized niche player,Heuristic estimate,Low,Heuristic: recognized Egyptian league section,
Mostafa El Zenary,Egypt,02/08/1999,DEF,Tala’ea El Gaish; Zamalek; Bank Al Ahly,,,476,53,Recognized niche player,Heuristic estimate,Low,Heuristic: recognized Egyptian league section,
Mostafa Gaafar,Egypt,TBD,FWD,Zamalek; ENPPI; Petrojet; El Gouna,,,477,53,Recognized niche player,Heuristic estimate,Low,Heuristic: recognized Egyptian league section,
Omar El Saaiy,Egypt,01/01/2003,MID,Ismaily; Al Ahly,,,478,53,Recognized niche player,Heuristic estimate,Low,Heuristic: recognized Egyptian league section,
Omar El Said,Egypt,06/23/1990,FWD,El Gouna; Wadi Degla; El Entag El Harby; Zamalek; Future / Modern Sport,,,479,53,Recognized niche player,Heuristic estimate,Low,Heuristic: recognized Egyptian league section,
Omar Gamal,Egypt,09/16/1982,MID,Al Aluminum; Ismaily; Al-Ahly Benghazi; Zamalek; Al Mokawloon; Ceramica Cleopatra,,,480,53,Recognized niche player,Heuristic estimate,Low,Heuristic: recognized Egyptian league section,
Ouka,Egypt,03/13/1984,DEF,Haras El Hodoud; Smouha; Lierse; Wadi Degla,,,481,53,Recognized niche player,Heuristic estimate,Low,Heuristic: domestic league section,
Ahmed Gomaa “Ismaily”,Egypt,TBD,FWD,Ismaily; Al Masry,,,482,52,Recognized niche player,Heuristic estimate,Low,Heuristic: domestic league section,
Abdallah Yaisien,Egypt,TBD,MID,Al Mokawloon; Ismaily; Al Masry,,,483,51,Recognized niche player,Heuristic estimate,Low,Heuristic: domestic league section,
Amir Abed,Egypt,TBD,DEF,Al Mokawloon; El Entag El Harby; Al Masry; Ghazl El Mahalla,,,484,51,Recognized niche player,Heuristic estimate,Low,Heuristic: domestic league section,
Arafa El Sayed,Egypt,TBD,FWD,El Gouna; Tala'ea El Gaish; Wadi Degla; ENPPI,,,485,51,Recognized niche player,Heuristic estimate,Low,Heuristic: domestic league section,
Asem Salah,Egypt,TBD,DEF,El Dakhleya; Tala'ea El Gaish; National Bank,,,486,51,Recognized niche player,Heuristic estimate,Low,Heuristic: domestic league section,
Effat Sayed Nassar,Egypt,TBD,FWD,Zamalek; Al Masry,,,487,51,Recognized niche player,Heuristic estimate,Low,Heuristic: domestic league section,
El-Hani Soliman,Egypt,08/07/1984,GK,Al Ittihad Alexandria; El Gouna; Smouha,,,488,51,Recognized niche player,Heuristic estimate,Low,Heuristic: domestic league section,
Emad Hamdi,Egypt,TBD,MID,Ismaily; Al Masry; Ceramica Cleopatra,,,489,51,Recognized niche player,Heuristic estimate,Low,Heuristic: domestic league section,
Essam Sobhy,Egypt,TBD,DEF,Misr Lel Makkasa; Ismaily; Al Ittihad Alexandria; El Gouna,,,490,51,Recognized niche player,Heuristic estimate,Low,Heuristic: domestic league section,
Fady Farid,Egypt,TBD,FWD,Aswan; National Bank; Smouha; Al Mokawloon,,,491,51,Recognized niche player,Heuristic estimate,Low,Heuristic: domestic league section,
Farid Shawky,Egypt,TBD,MID,El Dakhleya; Al Masry; ENPPI,,,492,51,Recognized niche player,Heuristic estimate,Low,Heuristic: domestic league section,
Hamada Yehia,Egypt,TBD,FWD,Al Ittihad Alexandria; El Entag El Harby; Tala'ea El Gaish,,,493,51,Recognized niche player,Heuristic estimate,Low,Heuristic: domestic league section,
Hany El Egeizy,Egypt,TBD,FWD,Al Ahly; Al Ittihad Alexandria; Smouha; Wadi Degla,,,494,51,Recognized niche player,Heuristic estimate,Low,Heuristic: domestic league section,
Hossam Abdel-Aal,Egypt,TBD,MID,Wadi Degla; Al Mokawloon; El Dakhleya; Al Ittihad Alexandria,,,495,51,Recognized niche player,Heuristic estimate,Low,Heuristic: domestic league section,
Khaled Sotohi,Egypt,TBD,DEF,El Entag El Harby; Tala'ea El Gaish; Ceramica Cleopatra,,,496,51,Recognized niche player,Heuristic estimate,Low,Heuristic: domestic league section,
Moatasem Salem,Egypt,TBD,DEF,Ismaily; Smouha; Petrojet; Al Masry,,,497,51,Recognized niche player,Heuristic estimate,Low,Heuristic: domestic league section,
Moaz El Henawy,Egypt,01/29/1990,DEF,Ghazl El Mahalla; Aswan; Ceramica Cleopatra; National Bank,,,498,51,Recognized niche player,Heuristic estimate,Low,Heuristic: domestic league section,
Mohamed Zika,Egypt,TBD,MID,Al Mokawloon; Ismaily; Al Ittihad Alexandria,,,499,51,Recognized niche player,Heuristic estimate,Low,Heuristic: domestic league section,
Nasser Mansy,Egypt,TBD,FWD,El Dakhleya; Pyramids; Tala'ea El Gaish; National Bank; Zamalek,,,500,51,Recognized niche player,Heuristic estimate,Low,Heuristic: domestic league section,
Nour El Sayed,Egypt,01/09/1984,MID,El Gouna; Zamalek; ENPPI; Al Ittihad Alexandria,,,501,51,Recognized niche player,Heuristic estimate,Low,Heuristic: domestic league section,
Osama Azab,Egypt,TBD,DEF,ENPPI; El Entag El Harby; Al Ittihad Alexandria; El Gouna,,,502,51,Recognized niche player,Heuristic estimate,Low,Heuristic: domestic league section,
Osama Faisal,Egypt,TBD,FWD,Zamalek; National Bank,,,503,51,Recognized niche player,Heuristic estimate,Low,Heuristic: domestic league section,
Osama Mohamed,Egypt,TBD,DEF,Petrojet; Zamalek,,,504,51,Recognized niche player,Heuristic estimate,Low,Heuristic: domestic league section,
Oumed Oukri,Ethiopia,12/05/1990,FWD,"Defence Force, Ittihad El-Iskandary, ENPPI, El-Entag El-Harby, Smouha",,,505,51,Recognized niche player,Heuristic estimate,Low,Heuristic: domestic league section,
Ragab Nabil,Egypt,TBD,DEF,Wadi Degla; Smouha; Ceramica Cleopatra,,,506,51,Recognized niche player,Heuristic estimate,Low,Heuristic: domestic league section,
Ramy Adel,Egypt,TBD,DEF,Al Ahly; El Gouna; Smouha; Al Mokawloon,,,507,51,Recognized niche player,Heuristic estimate,Low,Heuristic: domestic league section,
Ramy Sabry,Egypt,TBD,DEF,ENPPI; Pharco,,,508,51,Recognized niche player,Heuristic estimate,Low,Heuristic: domestic league section,
Salah Ashour,Egypt,TBD,MID,ENPPI; Ittihad El Shorta; Zamalek; Al Masry,,,509,51,Recognized niche player,Heuristic estimate,Low,Heuristic: domestic league section,
Salah Rico,Egypt,TBD,MID,Ittihad El Shorta; Zamalek; Misr Lel Makkasa; Al Masry,,,510,51,Recognized niche player,Heuristic estimate,Low,Heuristic: domestic league section,
Sayed Farid,Egypt,TBD,DEF,Smouha; Wadi Degla; Al Mokawloon; National Bank,,,511,51,Recognized niche player,Heuristic estimate,Low,Heuristic: domestic league section,
Shimelis Bekele,Ethiopia,01/02/1990,MID,Saint George; Petrojet; El Gouna; Misr Lel Makkasa,,,512,51,Recognized niche player,Heuristic estimate,Low,Heuristic: domestic league section,
Shokry Naguib,Egypt,TBD,FWD,Ismaily; Al Mokawloon; Pharco; Smouha,,,513,51,Recognized niche player,Heuristic estimate,Low,Heuristic: domestic league section,
Wael Faraag,Egypt,TBD,FWD,Petrojet; Misr Lel Makkasa; Al Ittihad Alexandria; El Entag El Harby,,,514,51,Recognized niche player,Heuristic estimate,Low,Heuristic: domestic league section,
Ewerton,Brazil,TBD,FWD,Pyramids,,,515,50,Recognized niche player,Heuristic estimate,Low,Heuristic: current/deep league section,
Otta,Egypt,TBD,MID,Al Mokawloon; Pyramids,,,516,50,Recognized niche player,Heuristic estimate,Low,Heuristic: current/deep league section,
Zalaka,Egypt,TBD,FWD,Ceramica Cleopatra; Pyramids,,,517,50,Recognized niche player,Heuristic estimate,Low,Heuristic: current/deep league section,
Ahmed Abdelghani,Egypt,TBD,FWD,Haras El Hodoud; Al Masry,,,518,49,Limited public recognition,Heuristic estimate,Low,Heuristic: domestic league section,
Ahmed Adel,Egypt,TBD,DEF,Al Mokawloon; El Gouna; Ismaily,,,519,49,Limited public recognition,Heuristic estimate,Low,Heuristic: domestic league section,
Ahmed Ali,Egypt,TBD,FWD,Ismaily; Al Hilal Benghazi; Zamalek; El Entag El Harby; Al Mokawloon,,,520,49,Limited public recognition,Heuristic estimate,Low,Heuristic: domestic league section,
Ahmed Atef,Egypt,TBD,FWD,Wadi Degla; Modern Sport; ZED,,,521,49,Limited public recognition,Heuristic estimate,Low,Heuristic: domestic league section,
Ahmed El Agouz,Egypt,TBD,MID,Ismaily; Misr Lel Makkasa; El Gouna; Al Masry,,,522,49,Limited public recognition,Heuristic estimate,Low,Heuristic: domestic league section,
Ahmed El Alfie,Egypt,TBD,MID,Al Mokawloon; Al Ittihad Alexandria; El Entag El Harby,,,523,49,Limited public recognition,Heuristic estimate,Low,Heuristic: domestic league section,
Ahmed El Sayed,Egypt,TBD,DEF,Al Ahly; Misr Lel Makkasa; El Gouna; Petrojet,,,524,49,Limited public recognition,Heuristic estimate,Low,Heuristic: domestic league section,
Ahmed Gomaa,Egypt,TBD,FWD,Al Masry; El Entag El Harby,,,525,49,Limited public recognition,Heuristic estimate,Low,Heuristic: domestic league section,
Ahmed Manga,Egypt,TBD,MID,Al Ahly; Smouha; Al Masry; El Entag El Harby,,,527,49,Limited public recognition,Heuristic estimate,Low,Heuristic: domestic league section,
Ahmed Safi,Egypt,TBD,DEF,Al Ittihad Alexandria; Wadi Degla; El Gouna; National Bank,,,528,49,Limited public recognition,Heuristic estimate,Low,Heuristic: domestic league section,
Ahmed Sherwyda,Egypt,TBD,FWD,Al Masry; ENPPI; Haras El Hodoud; Ghazl El Mahalla,,,529,49,Limited public recognition,Heuristic estimate,Low,Heuristic: domestic league section,
Ali Elfil,Egypt,TBD,DEF,Tala'ea El Gaish; El Entag El Harby; Modern Sport,,,530,49,Limited public recognition,Heuristic estimate,Low,Heuristic: domestic league section,
Ali Fawzi,Egypt,03/17/1992,DEF,ENPPI; Al Masry; Modern Sport,,,531,49,Limited public recognition,Heuristic estimate,Low,Heuristic: domestic league section,
Amr El Menoufy,Egypt,TBD,MID,Al Ittihad Alexandria; El Gouna; Smouha,,,532,49,Limited public recognition,Heuristic estimate,Low,Heuristic: domestic league section,
Amr Fahim,Egypt,TBD,DEF,Ismaily; ENPPI; Al Mokawloon; Al Masry,,,533,49,Limited public recognition,Heuristic estimate,Low,Heuristic: domestic league section,
Amr Moussa,Egypt,TBD,DEF,Wadi Degla; El Entag El Harby; Al Masry,,,534,49,Limited public recognition,Heuristic estimate,Low,Heuristic: domestic league section,
Hassan El Shami,Egypt,TBD,DEF,Al Mokawloon; Tala'ea El Gaish; Ismaily,,,535,49,Limited public recognition,Heuristic estimate,Low,Heuristic: domestic league section,
Ibrahim Abdel-Khalik,Egypt,TBD,MID,Smouha; Zamalek; Wadi Degla; Al Ittihad Alexandria,,,536,49,Limited public recognition,Heuristic estimate,Low,Heuristic: domestic league section,
Ibrahim El Shayeb,Egypt,TBD,MID,El Gouna; Al Ittihad Alexandria; Al Masry; El Entag El Harby,,,537,49,Limited public recognition,Heuristic estimate,Low,Heuristic: domestic league section,
Ibrahim Yehia,Egypt,10/17/1987,DEF,Ismaily; Al Masry,,,538,49,Limited public recognition,Heuristic estimate,Low,Heuristic: domestic league section,
Islam Abdelnaim,Egypt,TBD,MID,El Dakhleya; Ismaily; Al Ittihad Alexandria; El Gouna,,,539,49,Limited public recognition,Heuristic estimate,Low,Heuristic: domestic league section,
Islam Soliman,Egypt,TBD,DEF,Haras El Hodoud; Al Masry; El Entag El Harby,,,540,49,Limited public recognition,Heuristic estimate,Low,Heuristic: domestic league section,
Karim El Deeb,Egypt,TBD,DEF,Al Ittihad Alexandria; Pharco; Smouha,,,541,49,Limited public recognition,Heuristic estimate,Low,Heuristic: domestic league section,
Karim Mostafa,Egypt,TBD,MID,Ismaily; El Dakhleya; Al Ittihad Alexandria; Al Masry,,,542,49,Limited public recognition,Heuristic estimate,Low,Heuristic: domestic league section,
Mahmoud Kaoud,Egypt,TBD,FWD,ENPPI; Al Ittihad Alexandria; National Bank,,,543,49,Limited public recognition,Heuristic estimate,Low,Heuristic: domestic league section,
Mahmoud Marei,Egypt,04/24/1998,DEF,Wadi Degla; Modern Sport; Pyramids,,,544,49,Limited public recognition,Heuristic estimate,Low,Heuristic: domestic league section,
Mahmoud Sayed,Egypt,TBD,MID,Al Ittihad Alexandria; ENPPI; Ismaily,,,545,49,Limited public recognition,Heuristic estimate,Low,Heuristic: domestic league section,
Mohamed Abdel Aaty,Egypt,TBD,MID,Wadi Degla; Ismaily; Al Masry,,,546,49,Limited public recognition,Heuristic estimate,Low,Heuristic: domestic league section,
Mohamed Abdel-Salam,Egypt,TBD,DEF,Zamalek; Al Ittihad Alexandria; Modern Sport,,,547,49,Limited public recognition,Heuristic estimate,Low,Heuristic: domestic league section,
Mohamed Adel,Egypt,TBD,MID,Al Mokawloon; El Dakhleya; Ismaily,,,548,49,Limited public recognition,Heuristic estimate,Low,Heuristic: domestic league section,
Mohamed Ashraf,Egypt,TBD,DEF,"Tala'ea El Gaish, ENPPI, Al Ittihad Alexandria, Bank El Ahly, Smouha",,,549,49,Limited public recognition,Heuristic estimate,Low,Heuristic: domestic league section,merged_duplicate:Mohamed Ashraf; merged_duplicate:Mohamed Ashraf
Mohamed Bassiouny,Egypt,TBD,DEF,El Mansoura; ENPPI; El Dakhleya; Haras El Hodoud,,,550,49,Limited public recognition,Heuristic estimate,Low,Heuristic: domestic league section,
Mohamed Dabash,Egypt,TBD,DEF,Wadi Degla; Al Masry; Ceramica Cleopatra; National Bank,,,551,49,Limited public recognition,Heuristic estimate,Low,Heuristic: domestic league section,
Mohamed Essam,Egypt,TBD,FWD,"Al Mokawloon, El Entag El Harby, Ceramica Cleopatra, Bank El Ahly",,,552,49,Limited public recognition,Heuristic estimate,Low,Heuristic: domestic league section,merged_duplicate:Mohamed Essam
Mohamed Gaber,Egypt,TBD,MID,Al Masry; Tala'ea El Gaish; Ceramica Cleopatra,,,553,49,Limited public recognition,Heuristic estimate,Low,Heuristic: domestic league section,
Mohamed Helal,Egypt,TBD,MID,Wadi Degla; National Bank; Modern Sport,,,554,49,Limited public recognition,Heuristic estimate,Low,Heuristic: domestic league section,
Mohamed Mohsen,Egypt,TBD,FWD,El Gouna; Al Ittihad Alexandria; Ghazl El Mahalla,,,555,49,Limited public recognition,Heuristic estimate,Low,Heuristic: domestic league section,
Mohamed Ragab,Egypt,TBD,FWD,"El Entag El Harby, Al Ittihad Alexandria, Smouha, Kahraba Ismailia",,,556,49,Limited public recognition,Heuristic estimate,Low,Heuristic: domestic league section,merged_duplicate:Mohamed Ragab
Mohamed Rizk,Egypt,TBD,MID,Al Ahly; Tala'ea El Gaish; Smouha; Al Ittihad Alexandria,,,557,49,Limited public recognition,Heuristic estimate,Low,Heuristic: domestic league section,
Mohamed Salem,Egypt,TBD,FWD,Al Mokawloon; Zamalek; El Dakhleya; Al Ittihad Alexandria,,,558,49,Limited public recognition,Heuristic estimate,Low,Heuristic: domestic league section,
Mohamed Shaaban,Egypt,TBD,MID,ENPPI; Zamalek; Petrojet,,,559,49,Limited public recognition,Heuristic estimate,Low,Heuristic: domestic league section,
Mohamed Tony,Egypt,TBD,MID,Misr Lel Makkasa; ENPPI; Al Masry,,,560,49,Limited public recognition,Heuristic estimate,Low,Heuristic: domestic league section,
Mohamed Zatara,Egypt,TBD,FWD,Petrojet; Al Ittihad Alexandria; Al Masry,,,561,49,Limited public recognition,Heuristic estimate,Low,Heuristic: domestic league section,
Mostafa Gamal,Egypt,TBD,MID,Tala'ea El Gaish; Haras El Hodoud; Smouha,,,562,49,Limited public recognition,Heuristic estimate,Low,Heuristic: domestic league section,
Mostafa Ziko,Egypt,TBD,FWD,Haras El Hodoud; ZED,,,563,49,Limited public recognition,Heuristic estimate,Low,Heuristic: domestic league section,
Omar Bassam,Egypt,TBD,FWD,ENPPI; Al Ittihad Alexandria; Aswan,,,564,49,Limited public recognition,Heuristic estimate,Low,Heuristic: domestic league section,
Omar El Wahsh,Egypt,TBD,MID,Ismaily; Al Ittihad Alexandria; Modern Sport,,,565,49,Limited public recognition,Heuristic estimate,Low,Heuristic: domestic league section,
Abdalla Magdy,Egypt,TBD,DEF,Pyramids; Ceramica Cleopatra,,,566,48,Limited public recognition,Heuristic estimate,Low,Heuristic: current/deep league section,
Abdelaziz El Balouty,Egypt,TBD,GK,ENPPI; Bank El Ahly,,,567,48,Limited public recognition,Heuristic estimate,Low,Heuristic: current/deep league section,
Abdelkader Ammar,Egypt,TBD,DEF,Ismaily,,,568,48,Limited public recognition,Heuristic estimate,Low,Heuristic: current/deep league section,
Abubakar Liadi,Nigeria,TBD,FWD,Al Ittihad Alexandria,,,569,48,Limited public recognition,Heuristic estimate,Low,Heuristic: current/deep league section,
Adam Kaied,Palestine,TBD,MID,NAC Breda; Zamalek,,,570,48,Limited public recognition,Heuristic estimate,Low,Heuristic: current/deep league section,
Adem Redjem,Algeria,TBD,FWD,JS Kabylie; Modern Sport,,,571,48,Limited public recognition,Heuristic estimate,Low,Heuristic: current/deep league section,
Ayman Mukka,Egypt,TBD,FWD,Ceramica Cleopatra,,,572,48,Limited public recognition,Heuristic estimate,Low,Heuristic: current/deep league section,
Baher El Mohamady,Egypt,TBD,DEF,Ismaily; Al Masry,,,573,48,Limited public recognition,Heuristic estimate,Low,Heuristic: current/deep league section,
Baron Ochieng,Kenya,TBD,DEF,Sofapaka; Zamalek,,,574,48,Limited public recognition,Heuristic estimate,Low,Heuristic: current/deep league section,
Bonheur Mugisha,Rwanda,TBD,MID,Stade Tunisien; Al Masry,,,575,48,Limited public recognition,Heuristic estimate,Low,Heuristic: current/deep league section,
Chico Banza,Angola,TBD,FWD,Anorthosis; Zamalek,,,576,48,Limited public recognition,Heuristic estimate,Low,Heuristic: current/deep league section,
David Simukonda,Zambia,TBD,MID,ZESCO United; Ceramica Cleopatra,,,577,48,Limited public recognition,Heuristic estimate,Low,Heuristic: current/deep league section,
Diyaa El Sayed,Egypt,TBD,FWD,El Sekka El Hadid; Modern Sport,,,578,48,Limited public recognition,Heuristic estimate,Low,Heuristic: current/deep league section,
El Sayed Osama,Egypt,TBD,DEF,Zamalek,,,579,48,Limited public recognition,Heuristic estimate,Low,Heuristic: current/deep league section,
Favour Akem,Nigeria,TBD,FWD,Al Ittihad Alexandria; Ceramica Cleopatra,,,580,48,Limited public recognition,Heuristic estimate,Low,Heuristic: current/deep league section,
Fawzi El Henawy,Egypt,TBD,MID,Al Ahly; Al Ittihad Alexandria,,,581,48,Limited public recognition,Heuristic estimate,Low,Heuristic: current/deep league section,
Freddy Michael Kouablan,Côte d’Ivoire,TBD,FWD,ZESCO United; Ceramica Cleopatra,,,582,48,Limited public recognition,Heuristic estimate,Low,Heuristic: current/deep league section,
Ghannam Mohamed,Egypt,TBD,MID,El Entag El Harby; Modern Sport,,,583,48,Limited public recognition,Heuristic estimate,Low,Heuristic: current/deep league section,
Hamed Hamdan,Palestine,TBD,MID,Petrojet; Pyramids,,,584,48,Limited public recognition,Heuristic estimate,Low,Heuristic: current/deep league section,
Hazem Osama,Egypt,TBD,FWD,Zamalek,,,585,48,Limited public recognition,Heuristic estimate,Low,Heuristic: current/deep league section,
Hema Mohamed,Egypt,TBD,MID,Ceramica Cleopatra,,,586,48,Limited public recognition,Heuristic estimate,Low,Heuristic: current/deep league section,
Hisham Salah,Egypt,TBD,DEF,Al Ittihad Alexandria,,,587,48,Limited public recognition,Heuristic estimate,Low,Heuristic: current/deep league section,
Isaac Yakubu,Ghana,TBD,DEF,Wadi Degla; Bank El Ahly,,,588,48,Limited public recognition,Heuristic estimate,Low,Heuristic: current/deep league section,
Juan Bezerra,Brazil,TBD,FWD,Al Ahli Benghazi; Zamalek,,,589,48,Limited public recognition,Heuristic estimate,Low,Heuristic: current/deep league section,
Justice Arthur,Ghana,TBD,DEF,Medeama; Ceramica Cleopatra,,,590,48,Limited public recognition,Heuristic estimate,Low,Heuristic: current/deep league section,
Kamal El Sayed,Egypt,TBD,GK,Ismaily; Modern Sport,,,591,48,Limited public recognition,Heuristic estimate,Low,Heuristic: current/deep league section,
Mabululu Jr.,Angola,TBD,FWD,Al Ittihad Alexandria,,,592,48,Limited public recognition,Heuristic estimate,Low,Heuristic: current/deep league section,
Maged Hani,Egypt,TBD,MID,Zamalek; Baladiyet El Mahalla,,,593,48,Limited public recognition,Heuristic estimate,Low,Heuristic: current/deep league section,
Matthew Ojor,Nigeria,TBD,FWD,Ceramica Cleopatra,,,594,48,Limited public recognition,Heuristic estimate,Low,Heuristic: current/deep league section,
Mohamed Shika,Egypt,TBD,GK,Pharco,,,595,48,Limited public recognition,Heuristic estimate,Low,Heuristic: current/deep league section,
Moussa Diawara,Mali,TBD,FWD,Bank El Ahly,,,596,48,Limited public recognition,Heuristic estimate,Low,Heuristic: current/deep league section,
Nader Ramadan,Egypt,TBD,MID,Ismaily; Al Masry,,,597,48,Limited public recognition,Heuristic estimate,Low,Heuristic: current/deep league section,
Naser Naser,Egypt,TBD,MID,Al Ittihad Alexandria,,,598,48,Limited public recognition,Heuristic estimate,Low,Heuristic: current/deep league section,
Odeh Fakhoury,Jordan,TBD,FWD,Al Wehdat; Pyramids,,,599,48,Limited public recognition,Heuristic estimate,Low,Heuristic: current/deep league section,
Osama Ezzat,Egypt,TBD,DEF,Bank El Ahly,,,600,48,Limited public recognition,Heuristic estimate,Low,Heuristic: current/deep league section,
Pascal Phiri,Malawi,TBD,FWD,Pyramids,,,602,48,Limited public recognition,Heuristic estimate,Low,Heuristic: current/deep league section,
Salah Bouchama,Algeria,TBD,MID,ES Setif; Bank El Ahly,,,603,48,Limited public recognition,Heuristic estimate,Low,Heuristic: current/deep league section,
Segun Oloruntoba,Nigeria,TBD,FWD,Rangers International; Al Ittihad Alexandria,,,604,48,Limited public recognition,Heuristic estimate,Low,Heuristic: current/deep league section,
Sobhi Soliman,Egypt,TBD,GK,Al Ittihad Alexandria,,,605,48,Limited public recognition,Heuristic estimate,Low,Heuristic: current/deep league section,
Umar Abdulrauf,Ghana,TBD,FWD,Ceramica Cleopatra,,,606,48,Limited public recognition,Heuristic estimate,Low,Heuristic: current/deep league section,
Youssry Wahid,Egypt,TBD,FWD,Al Ittihad Alexandria,,,607,48,Limited public recognition,Heuristic estimate,Low,Heuristic: current/deep league section,
Ziad Haytham,Egypt,TBD,GK,Pyramids,,,608,48,Limited public recognition,Heuristic estimate,Low,Heuristic: current/deep league section,
Body Samir,Egypt,TBD,GK,ENPPI; El Gouna,,,609,47,Limited public recognition,Heuristic estimate,Low,Heuristic: lower-recognition/deep league section,
Dilson,Angola,TBD,FWD,ZED,,,610,47,Limited public recognition,Heuristic estimate,Low,Heuristic: lower-recognition/deep league section,
Kabaka,Egypt,TBD,MID,ZED,,,611,47,Limited public recognition,Heuristic estimate,Low,Heuristic: lower-recognition/deep league section,
Abdelrahman Attef,Egypt,TBD,FWD,Modern Sport,,,612,46,Limited public recognition,Heuristic estimate,Low,Heuristic: current/deep league section,
Ahmed Abdin,Egypt,TBD,DEF,Al Ahly; Ceramica Cleopatra,,,613,46,Limited public recognition,Heuristic estimate,Low,Heuristic: current/deep league section,
Ahmed Bahaa,Egypt,TBD,DEF,Modern Sport,,,614,46,Limited public recognition,Heuristic estimate,Low,Heuristic: current/deep league section,
Ahmed Daador,Egypt,TBD,GK,Al Ittihad Alexandria; Pharco,,,615,46,Limited public recognition,Heuristic estimate,Low,Heuristic: current/deep league section,
Ahmed Daoud,Egypt,TBD,MID,Modern Sport,,,616,46,Limited public recognition,Heuristic estimate,Low,Heuristic: current/deep league section,
Ahmed El Nadry,Egypt,TBD,MID,Bank El Ahly,,,617,46,Limited public recognition,Heuristic estimate,Low,Heuristic: current/deep league section,
Ahmed Esho,Egypt,TBD,FWD,Zamalek,,,618,46,Limited public recognition,Heuristic estimate,Low,Heuristic: current/deep league section,
Ahmed Hany,Egypt,TBD,DEF,Ceramica Cleopatra,,,619,46,Limited public recognition,Heuristic estimate,Low,Heuristic: current/deep league section,
Ahmed Hossam,Egypt,TBD,DEF,El Gouna; Zamalek,,,620,46,Limited public recognition,Heuristic estimate,Low,Heuristic: current/deep league section,
Ahmed Jafeli,Tunisia,TBD,FWD,US Monastir; Zamalek,,,621,46,Limited public recognition,Heuristic estimate,Low,Heuristic: current/deep league section,
Ahmed Khodary,Egypt,TBD,MID,Zamalek,,,622,46,Limited public recognition,Heuristic estimate,Low,Heuristic: current/deep league section,
Ahmed Nabil,Egypt,TBD,MID,Al Ittihad Alexandria,,,623,46,Limited public recognition,Heuristic estimate,Low,Heuristic: current/deep league section,
Ahmed Rabie,Egypt,TBD,MID,Bank El Ahly; Zamalek,,,624,46,Limited public recognition,Heuristic estimate,Low,Heuristic: current/deep league section,
Ahmed Reda,Egypt,TBD,MID,Bank El Ahly; Al Ahly,,,625,46,Limited public recognition,Heuristic estimate,Low,Heuristic: current/deep league section,
Ahmed Sharaf,Egypt,TBD,FWD,Al Masry,,,626,46,Limited public recognition,Heuristic estimate,Low,Heuristic: current/deep league section,
Ahmed Sherif,Egypt,TBD,FWD,Pharco; Zamalek,,,627,46,Limited public recognition,Heuristic estimate,Low,Heuristic: current/deep league section,
Ahmed Sobhi,Egypt,TBD,DEF,ENPPI; Bank El Ahly,,,628,46,Limited public recognition,Heuristic estimate,Low,Heuristic: current/deep league section,
Ali Zazaa,Egypt,TBD,MID,Modern Sport,,,629,46,Limited public recognition,Heuristic estimate,Low,Heuristic: current/deep league section,
Amr Kalawa,Egypt,TBD,MID,Ceramica Cleopatra,,,630,46,Limited public recognition,Heuristic estimate,Low,Heuristic: current/deep league section,
Amr Nasser,Egypt,TBD,FWD,Pharco; Zamalek,,,631,46,Limited public recognition,Heuristic estimate,Low,Heuristic: current/deep league section,
Hassan Ali,Egypt,TBD,MID,Al Masry,,,632,46,Limited public recognition,Heuristic estimate,Low,Heuristic: current/deep league section,
Hassan Yehia,Egypt,TBD,DEF,Al Masry,,,633,46,Limited public recognition,Heuristic estimate,Low,Heuristic: current/deep league section,
Ibrahim Touré,Côte d’Ivoire,TBD,MID,Pyramids,,,634,46,Limited public recognition,Heuristic estimate,Low,Heuristic: current/deep league section,
Islam Attia,Egypt,TBD,MID,Al Masry,,,635,46,Limited public recognition,Heuristic estimate,Low,Heuristic: current/deep league section,
Islam Reisha,Egypt,TBD,GK,Ceramica Cleopatra,,,636,46,Limited public recognition,Heuristic estimate,Low,Heuristic: current/deep league section,
Islam Samir,Egypt,TBD,FWD,Al Ittihad Alexandria,,,637,46,Limited public recognition,Heuristic estimate,Low,Heuristic: current/deep league section,
Karim Hassan,Egypt,TBD,MID,Bank El Ahly,,,638,46,Limited public recognition,Heuristic estimate,Low,Heuristic: current/deep league section,
Mahmoud El Gazzar,Egypt,TBD,DEF,Al Ahly; El Gouna; Pyramids,,,639,46,Limited public recognition,Heuristic estimate,Low,Heuristic: current/deep league section,
Mahmoud Gehad,Egypt,TBD,MID,Pharco; Zamalek,,,640,46,Limited public recognition,Heuristic estimate,Low,Heuristic: current/deep league section,
Mahmoud Mamdouh,Egypt,TBD,FWD,Haras El Hodoud; Modern Sport,,,641,46,Limited public recognition,Heuristic estimate,Low,Heuristic: current/deep league section,
Mohamed Abdallah,Egypt,TBD,FWD,Al Ahly; Ceramica Cleopatra,,,642,46,Limited public recognition,Heuristic estimate,Low,Heuristic: current/deep league section,
Mohamed Ammar,Egypt,TBD,DEF,Ismaily,,,643,46,Limited public recognition,Heuristic estimate,Low,Heuristic: current/deep league section,
Mohamed Atef,Egypt,TBD,MID,Tanta; Zamalek,,,645,46,Limited public recognition,Heuristic estimate,Low,Heuristic: current/deep league section,
Mohamed Bayoumi,Egypt,TBD,DEF,Ismaily,,,646,46,Limited public recognition,Heuristic estimate,Low,Heuristic: current/deep league section,
Mohamed El Desoky,Egypt,TBD,DEF,Ismaily; Al Masry,,,647,46,Limited public recognition,Heuristic estimate,Low,Heuristic: current/deep league section,
Mohamed El Sawy,Egypt,TBD,MID,Ismaily,,,648,46,Limited public recognition,Heuristic estimate,Low,Heuristic: current/deep league section,
Mohamed Fawzi,Egypt,TBD,GK,Ismaily; Bank El Ahly,,,650,46,Limited public recognition,Heuristic estimate,Low,Heuristic: current/deep league section,
Mohamed Grisha,Egypt,TBD,MID,Bank El Ahly,,,651,46,Limited public recognition,Heuristic estimate,Low,Heuristic: current/deep league section,
Mohamed Hamad,Egypt,TBD,MID,Zamalek,,,652,46,Limited public recognition,Heuristic estimate,Low,Heuristic: current/deep league section,
Mohamed Hashim,Egypt,TBD,DEF,Ismaily; Al Masry,,,653,46,Limited public recognition,Heuristic estimate,Low,Heuristic: current/deep league section,
Mohamed Koko,Egypt,TBD,GK,Ceramica Cleopatra,,,654,46,Limited public recognition,Heuristic estimate,Low,Heuristic: current/deep league section,
Mohamed Makhlouf,Egypt,TBD,MID,Ismaily,,,655,46,Limited public recognition,Heuristic estimate,Low,Heuristic: current/deep league section,
Mohamed Mosaad,Egypt,TBD,FWD,Modern Sport,,,656,46,Limited public recognition,Heuristic estimate,Low,Heuristic: current/deep league section,
Mohamed Rabia,Egypt,TBD,DEF,Modern Sport,,,657,46,Limited public recognition,Heuristic estimate,Low,Heuristic: current/deep league section,
Mohamed Tarek,Egypt,TBD,GK,El Sekka El Hadid; Ceramica Cleopatra,,,658,46,Limited public recognition,Heuristic estimate,Low,Heuristic: current/deep league section,
Mostafa Makhlouf,Egypt,TBD,GK,Al Ahly; Modern Sport,,,659,46,Limited public recognition,Heuristic estimate,Low,Heuristic: current/deep league section,
Omar El Said El Desoky,Egypt,TBD,DEF,Modern Sport,,,660,46,Limited public recognition,Heuristic estimate,Low,Heuristic: current/deep league section,
Youssef Nader,Egypt,TBD,GK,Pyramids; Al Ittihad Alexandria,,,661,46,Limited public recognition,Heuristic estimate,Low,Heuristic: current/deep league section,
Youssef Wael,Egypt,TBD,MID,Zamalek,,,662,46,Limited public recognition,Heuristic estimate,Low,Heuristic: current/deep league section,
Abdelmonem Tamer,Egypt,TBD,GK,ZED,,,663,45,Limited public recognition,Heuristic estimate,Low,Heuristic: lower-recognition/deep league section,
Abdelrahman Shika,Egypt,TBD,DEF,ENPPI; Petrojet,,,664,45,Limited public recognition,Heuristic estimate,Low,Heuristic: lower-recognition/deep league section,
Aboubacar Diarra,Mali,TBD,MID,ENPPI,,,665,45,Limited public recognition,Heuristic estimate,Low,Heuristic: lower-recognition/deep league section,
Ahmed Adel Messi,Egypt,TBD,MID,El Dakhleya; Smouha,,,666,45,Limited public recognition,Heuristic estimate,Low,Heuristic: lower-recognition/deep league section,
Alia Sylla,Guinea,TBD,FWD,Smouha,,,667,45,Limited public recognition,Heuristic estimate,Low,Heuristic: lower-recognition/deep league section,
Aliou Diedhiou,Senegal,TBD,FWD,Smouha,,,668,45,Limited public recognition,Heuristic estimate,Low,Heuristic: lower-recognition/deep league section,
Arafat Masoud,Egypt,TBD,MID,ENPPI,,,669,45,Limited public recognition,Heuristic estimate,Low,Heuristic: lower-recognition/deep league section,
Ashraf Magdy,Egypt,TBD,FWD,Pharco; Smouha,,,670,45,Limited public recognition,Heuristic estimate,Low,Heuristic: lower-recognition/deep league section,
Atef El-Tayeb,Egypt,TBD,DEF,Al Ahly,,,671,45,Limited public recognition,Heuristic estimate,Low,Heuristic: lower-recognition/deep league section,
Babacar Ndiaye,Senegal,TBD,DEF,Pharco,,,672,45,Limited public recognition,Heuristic estimate,Low,Heuristic: lower-recognition/deep league section,
Bendary Mosaad,Egypt,TBD,DEF,ZED,,,673,45,Limited public recognition,Heuristic estimate,Low,Heuristic: lower-recognition/deep league section,
Boubacar Diarra,Mali,TBD,DEF,ENPPI; El Dakhleya,,,674,45,Limited public recognition,Heuristic estimate,Low,Heuristic: lower-recognition/deep league section,
Emad El Sayed,Egypt,TBD,GK,ENPPI,,,675,45,Limited public recognition,Heuristic estimate,Low,Heuristic: lower-recognition/deep league section,
Emad Mayhoub,Egypt,TBD,MID,Pharco; Pyramids,,,676,45,Limited public recognition,Heuristic estimate,Low,Heuristic: lower-recognition/deep league section,
Fawzi Gamal,Egypt,TBD,DEF,Ismaily,,,677,45,Limited public recognition,Heuristic estimate,Low,Heuristic: lower-recognition/deep league section,
Freddy Ng'amba,Zambia,TBD,FWD,Kahraba Ismailia,,,678,45,Limited public recognition,Heuristic estimate,Low,Heuristic: lower-recognition/deep league section,
Gaber Kamel,Egypt,TBD,MID,Pharco,,,679,45,Limited public recognition,Heuristic estimate,Low,Heuristic: lower-recognition/deep league section,
Hamdy Alaa,Egypt,TBD,MID,ZED,,,680,45,Limited public recognition,Heuristic estimate,Low,Heuristic: lower-recognition/deep league section,
Hazem Temsah,Egypt,TBD,FWD,ENPPI,,,681,45,Limited public recognition,Heuristic estimate,Low,Heuristic: lower-recognition/deep league section,
Hisham Fathallah,Egypt,TBD,DEF,Al Mokawloon; El Dakhleya,,,682,45,Limited public recognition,Heuristic estimate,Low,Heuristic: lower-recognition/deep league section,
Hussein Hegazi,Egypt,09/14/1891,FWD,"Dulwich Hamlet, Fulham, Sekka El Hadid, Al Ahly, Zamalek",,,683,45,Limited public recognition,Heuristic estimate,Low,Heuristic: lower-recognition/deep league section,
Hussein Taimour,Egypt,TBD,GK,Smouha,,,684,45,Limited public recognition,Heuristic estimate,Low,Heuristic: lower-recognition/deep league section,
Khaled Samy,Egypt,TBD,DEF,Wadi Degla; Misr Lel Makkasa,,,685,45,Limited public recognition,Heuristic estimate,Low,Heuristic: lower-recognition/deep league section,
Khaled Sobhi,Egypt,TBD,DEF,Ceramica Cleopatra; ZED,,,686,45,Limited public recognition,Heuristic estimate,Low,Heuristic: lower-recognition/deep league section,
Lawrence Doe,Liberian,TBD,DEF,Al Ahly Tripoli; Ismaily; ENPPI,,,687,45,Limited public recognition,Heuristic estimate,Low,Heuristic: lower-recognition/deep league section,
Libasse Ngom,Senegal,TBD,DEF,ENPPI,,,688,45,Limited public recognition,Heuristic estimate,Low,Heuristic: lower-recognition/deep league section,
Mido Mostafa,Egypt,TBD,DEF,Smouha,,,689,45,Limited public recognition,Heuristic estimate,Low,Heuristic: lower-recognition/deep league section,
Mohamed Mazzika,Egypt,TBD,GK,ZED,,,690,45,Limited public recognition,Heuristic estimate,Low,Heuristic: lower-recognition/deep league section,
Muhammed Sawaneh,Gambia,TBD,MID,ZED,,,691,45,Limited public recognition,Heuristic estimate,Low,Heuristic: lower-recognition/deep league section,
Nana Antwi,Ghana,TBD,DEF,Dreams FC; Zamalek,,,692,45,Limited public recognition,Heuristic estimate,Low,Heuristic: lower-recognition/deep league section,
Osama El Azhari,Egypt,TBD,DEF,El Entag El Harby; Tala'ea El Gaish,,,693,45,Limited public recognition,Heuristic estimate,Low,Heuristic: lower-recognition/deep league section,
Ousseynou Bodian,Senegal,TBD,DEF,ENPPI,,,694,45,Limited public recognition,Heuristic estimate,Low,Heuristic: lower-recognition/deep league section,
Peter Zilu Mutumosi,DR Congo,TBD,MID,ZED,,,695,45,Limited public recognition,Heuristic estimate,Low,Heuristic: lower-recognition/deep league section,
Ramez Medhat,Egypt,TBD,FWD,Pharco,,,696,45,Limited public recognition,Heuristic estimate,Low,Heuristic: lower-recognition/deep league section,
Rami Bedawi,Egypt,TBD,DEF,Tala'ea El Gaish; El Gouna,,,697,45,Limited public recognition,Heuristic estimate,Low,Heuristic: lower-recognition/deep league section,
Richard Baffour,Ghana,TBD,DEF,Ismaily; Smouha,,,698,45,Limited public recognition,Heuristic estimate,Low,Heuristic: lower-recognition/deep league section,
Roshdy Awad,Egypt,TBD,GK,El Masry; El Raja; Al Ittihad Alexandria,,,699,45,Limited public recognition,Heuristic estimate,Low,Heuristic: lower-recognition/deep league section,
Samir Mahmoud,Egypt,TBD,DEF,Al Ahly,,,700,45,Limited public recognition,Heuristic estimate,Low,Heuristic: lower-recognition/deep league section,
Seif Emam,Egypt,TBD,DEF,Pharco,,,701,45,Limited public recognition,Heuristic estimate,Low,Heuristic: lower-recognition/deep league section,
Shady Ashraf,Egypt,TBD,MID,ZED,,,702,45,Limited public recognition,Heuristic estimate,Low,Heuristic: lower-recognition/deep league section,
Sherif Reda,Egypt,TBD,DEF,Smouha,,,703,45,Limited public recognition,Heuristic estimate,Low,Heuristic: lower-recognition/deep league section,
Tarek Alaa,Egypt,TBD,DEF,Pyramids; ZED,,,704,45,Limited public recognition,Heuristic estimate,Low,Heuristic: lower-recognition/deep league section,
Tarek Soliman,Egypt,TBD,DEF,Al Ahly,,,705,45,Limited public recognition,Heuristic estimate,Low,Heuristic: lower-recognition/deep league section,
Tewfik Abdullah,Egypt,06/23/1896,FWD,"Al Ahly, Zamalek, Derby County, Cowdenbeath, Providence Clamdiggers, Fall River Marksmen, New York Nationals",,,706,45,Limited public recognition,Heuristic estimate,Low,Heuristic: lower-recognition/deep league section,
Yasser Ibrahim Farag,Egypt,TBD,DEF,Mansoura; Al Mokawloon,,,707,45,Limited public recognition,Heuristic estimate,Low,Heuristic: lower-recognition/deep league section,
Yassin El Mallah,Egypt,TBD,MID,Pharco,,,708,45,Limited public recognition,Heuristic estimate,Low,Heuristic: lower-recognition/deep league section,
Ziad Seyam,Egypt,TBD,GK,Wadi Degla,,,709,45,Limited public recognition,Heuristic estimate,Low,Heuristic: lower-recognition/deep league section,
Abdel Rahman Farouk,Egypt,TBD,DEF,El Entag El Harby; Al Ittihad Alexandria,,,710,43,Limited public recognition,Heuristic estimate,Low,Heuristic: lower-recognition/deep league section,
Abdelrahman Emad,Egypt,TBD,MID,ZED,,,711,43,Limited public recognition,Heuristic estimate,Low,Heuristic: lower-recognition/deep league section,
Abdelrahman Farid,Egypt,TBD,GK,Al Ittihad Alexandria; Haras El Hodoud,,,712,43,Limited public recognition,Heuristic estimate,Low,Heuristic: lower-recognition/deep league section,
Abdelrahman Gamaan,Egypt,TBD,DEF,El Gouna; Aswan,,,713,43,Limited public recognition,Heuristic estimate,Low,Heuristic: lower-recognition/deep league section,
Abdelrahman Rashdan,Egypt,TBD,DEF,Al Ahly; Pharco,,,714,43,Limited public recognition,Heuristic estimate,Low,Heuristic: lower-recognition/deep league section,
Abdelrahman Samir,Egypt,TBD,DEF,Wadi Degla; Al Ittihad Alexandria,,,715,43,Limited public recognition,Heuristic estimate,Low,Heuristic: lower-recognition/deep league section,
Ahmed Abdel Fattah,Egypt,TBD,GK,Petrojet; El Dakhleya,,,716,43,Limited public recognition,Heuristic estimate,Low,Heuristic: lower-recognition/deep league section,
Ahmed Abdel Nabi,Egypt,TBD,DEF,El Dakhleya; Aswan,,,717,43,Limited public recognition,Heuristic estimate,Low,Heuristic: lower-recognition/deep league section,
Ahmed Abdelghany,Egypt,TBD,DEF,Haras El Hodoud; Al Masry,,,718,43,Limited public recognition,Heuristic estimate,Low,Heuristic: lower-recognition/deep league section,
Ahmed Abdelrasoul,Egypt,TBD,DEF,Al Masry; Wadi Degla,,,719,43,Limited public recognition,Heuristic estimate,Low,Heuristic: lower-recognition/deep league section,
Ahmed Ashraf,Egypt,TBD,DEF,Al Ittihad Alexandria; El Dakhleya,,,720,43,Limited public recognition,Heuristic estimate,Low,Heuristic: lower-recognition/deep league section,
Ahmed El Araby,Egypt,TBD,GK,Al Mokawloon; El Entag El Harby,,,722,43,Limited public recognition,Heuristic estimate,Low,Heuristic: lower-recognition/deep league section,
Ahmed El Gendy,Egypt,TBD,DEF,Ismaily; Al Masry,,,723,43,Limited public recognition,Heuristic estimate,Low,Heuristic: lower-recognition/deep league section,
Ahmed Fawzy,Egypt,TBD,GK,Al Mokawloon; Petrojet,,,724,43,Limited public recognition,Heuristic estimate,Low,Heuristic: lower-recognition/deep league section,
Ahmed Ghandour,Egypt,TBD,GK,Al Masry; Haras El Hodoud,,,725,43,Limited public recognition,Heuristic estimate,Low,Heuristic: lower-recognition/deep league section,
Ahmed Hakam,Egypt,TBD,DEF,Smouha,,,726,43,Limited public recognition,Heuristic estimate,Low,Heuristic: lower-recognition/deep league section,
Ahmed Kalosha,Egypt,TBD,DEF,ENPPI,,,727,43,Limited public recognition,Heuristic estimate,Low,Heuristic: lower-recognition/deep league section,
Ahmed Magdy Abdelrahman,Egypt,TBD,DEF,Ismaily; El Entag El Harby,,,728,43,Limited public recognition,Heuristic estimate,Low,Heuristic: lower-recognition/deep league section,
Ahmed Magdy Bassiouny,Egypt,TBD,DEF,Al Masry; Wadi Degla,,,729,43,Limited public recognition,Heuristic estimate,Low,Heuristic: lower-recognition/deep league section,
Ahmed Meteb,Egypt,TBD,DEF,Tala'ea El Gaish,,,730,43,Limited public recognition,Heuristic estimate,Low,Heuristic: lower-recognition/deep league section,
Ahmed Mohsen,Egypt,TBD,DEF,El Gouna; Ceramica Cleopatra; Ismaily,,,731,43,Limited public recognition,Heuristic estimate,Low,Heuristic: lower-recognition/deep league section,
Ahmed Nader El Sayed,Egypt,TBD,GK,Zamalek; Maritimo,,,732,43,Limited public recognition,Heuristic estimate,Low,Heuristic: lower-recognition/deep league section,
Ahmed Ramzy,Egypt,TBD,DEF,Zamalek,,,733,43,Limited public recognition,Heuristic estimate,Low,Heuristic: lower-recognition/deep league section,
Ahmed Sabeha,Egypt,TBD,DEF,ENPPI,,,734,43,Limited public recognition,Heuristic estimate,Low,Heuristic: lower-recognition/deep league section,
Ahmed Saber,Egypt,TBD,DEF,ENPPI,,,735,43,Limited public recognition,Heuristic estimate,Low,Heuristic: lower-recognition/deep league section,
Ahmed Sabri,Egypt,TBD,DEF,Haras El Hodoud; Tala'ea El Gaish,,,736,43,Limited public recognition,Heuristic estimate,Low,Heuristic: lower-recognition/deep league section,
Ahmed Salah,Egypt,TBD,DEF,Ismaily; El Dakhleya,,,737,43,Limited public recognition,Heuristic estimate,Low,Heuristic: lower-recognition/deep league section,
Ahmed Shaaban,Egypt,TBD,MID,Pharco,,,738,43,Limited public recognition,Heuristic estimate,Low,Heuristic: lower-recognition/deep league section,
Ahmed Shousha,Egypt,TBD,DEF,Al Mokawloon; El Gouna,,,739,43,Limited public recognition,Heuristic estimate,Low,Heuristic: lower-recognition/deep league section,
Ahmed Soliman,Egypt,TBD,GK,Zamalek,,,740,43,Limited public recognition,Heuristic estimate,Low,Heuristic: lower-recognition/deep league section,
Ahmed Tarek,Egypt,TBD,DEF,ZED,,,741,43,Limited public recognition,Heuristic estimate,Low,Heuristic: lower-recognition/deep league section,
Ahmed Yehia,Egypt,TBD,GK,El Entag El Harby; Al Ittihad Alexandria; Smouha,,,742,43,Limited public recognition,Heuristic estimate,Low,Heuristic: lower-recognition/deep league section,
Ahmed Youssef,Egypt,TBD,MID,ENPPI,,,743,43,Limited public recognition,Heuristic estimate,Low,Heuristic: lower-recognition/deep league section,
Ali Eid,Egypt,TBD,DEF,Al Mokawloon; Aswan,,,744,43,Limited public recognition,Heuristic estimate,Low,Heuristic: lower-recognition/deep league section,
Ali Farag,Egypt,TBD,GK,Petrojet; Al Masry; El Entag El Harby,,,745,43,Limited public recognition,Heuristic estimate,Low,Heuristic: lower-recognition/deep league section,
Ali Fawzy,Egypt,TBD,DEF,ENPPI; Al Masry; Modern Sport,,,746,43,Limited public recognition,Heuristic estimate,Low,Heuristic: lower-recognition/deep league section,
Ali Suleiman,Eritrea,TBD,FWD,Kahraba Ismailia,,,747,43,Limited public recognition,Heuristic estimate,Low,Heuristic: lower-recognition/deep league section,
Amr El Saadawy,Egypt,TBD,DEF,El Gouna; Al Masry,,,748,43,Limited public recognition,Heuristic estimate,Low,Heuristic: lower-recognition/deep league section,
Amr Hossam,Egypt,TBD,GK,Wadi Degla; Tala'ea El Gaish; Aswan,,,749,43,Limited public recognition,Heuristic estimate,Low,Heuristic: lower-recognition/deep league section,
Hassan Hamdy,Egypt,TBD,DEF,Al Ahly,,,750,43,Limited public recognition,Heuristic estimate,Low,Heuristic: lower-recognition/deep league section,
Hassan Mohamed,Egypt,TBD,DEF,Haras El Hodoud; Ismaily,,,751,43,Limited public recognition,Heuristic estimate,Low,Heuristic: lower-recognition/deep league section,
Hassan Mokhtar,Egypt,TBD,GK,Ismaily; Zamalek,,,752,43,Limited public recognition,Heuristic estimate,Low,Heuristic: lower-recognition/deep league section,
Hassan Orabi,Egypt,TBD,GK,Zamalek,,,753,43,Limited public recognition,Heuristic estimate,Low,Heuristic: lower-recognition/deep league section,
Hassan Yassin,Egypt,TBD,DEF,Al Mokawloon; Petrojet,,,754,43,Limited public recognition,Heuristic estimate,Low,Heuristic: lower-recognition/deep league section,
Ibrahim El Kady,Egypt,TBD,DEF,Al Masry; Haras El Hodoud; Al Ittihad Alexandria,,,755,43,Limited public recognition,Heuristic estimate,Low,Heuristic: lower-recognition/deep league section,
Ibrahim El Sayed,Egypt,TBD,DEF,Al Masry; Smouha,,,756,43,Limited public recognition,Heuristic estimate,Low,Heuristic: lower-recognition/deep league section,
Islam Abou Sleima,Egypt,TBD,DEF,Smouha; Al Masry; Al Ittihad Alexandria,,,757,43,Limited public recognition,Heuristic estimate,Low,Heuristic: lower-recognition/deep league section,
Islam Tarek,Egypt,TBD,GK,El Gouna; Tanta; Ghazl El Mahalla,,,758,43,Limited public recognition,Heuristic estimate,Low,Heuristic: lower-recognition/deep league section,
Karim El Tayeb,Egypt,TBD,FWD,Pharco,,,759,43,Limited public recognition,Heuristic estimate,Low,Heuristic: lower-recognition/deep league section,
Mahmoud Abdel Aziz,Egypt,TBD,MID,Zamalek; Smouha,,,760,43,Limited public recognition,Heuristic estimate,Low,Heuristic: lower-recognition/deep league section,
Mahmoud Bolbol,Egypt,TBD,GK,Pharco,,,761,43,Limited public recognition,Heuristic estimate,Low,Heuristic: lower-recognition/deep league section,
Mahmoud El Badry,Egypt,TBD,DEF,Ismaily; Smouha,,,762,43,Limited public recognition,Heuristic estimate,Low,Heuristic: lower-recognition/deep league section,
Mahmoud Ezzat,Egypt,TBD,DEF,Smouha; Al Mokawloon; El Gouna,,,763,43,Limited public recognition,Heuristic estimate,Low,Heuristic: lower-recognition/deep league section,
Mahmoud Gozlan,Egypt,TBD,DEF,Al Masry; Ismaily,,,764,43,Limited public recognition,Heuristic estimate,Low,Heuristic: lower-recognition/deep league section,
Mahmoud Hamdy,Egypt,TBD,GK,Misr Lel Makkasa; Al Masry,,,765,43,Limited public recognition,Heuristic estimate,Low,Heuristic: lower-recognition/deep league section,
Mahmoud Mansour,Egypt,TBD,DEF,Al Masry; Haras El Hodoud,,,766,43,Limited public recognition,Heuristic estimate,Low,Heuristic: lower-recognition/deep league section,
Mahmoud Saad,Egypt,TBD,DEF,Zamalek,,,767,43,Limited public recognition,Heuristic estimate,Low,Heuristic: lower-recognition/deep league section,
Mohamed Abdel Baset,Egypt,TBD,DEF,El Gouna; Smouha,,,768,43,Limited public recognition,Heuristic estimate,Low,Heuristic: lower-recognition/deep league section,
Mohamed Abdel Hamid,Egypt,TBD,GK,Haras El Hodoud; Al Ittihad Alexandria,,,769,43,Limited public recognition,Heuristic estimate,Low,Heuristic: lower-recognition/deep league section,
Mohamed Abdel Nasser,Egypt,TBD,GK,Aswan; El Gouna,,,770,43,Limited public recognition,Heuristic estimate,Low,Heuristic: lower-recognition/deep league section,
Mohamed Abdelaziz,Egypt,TBD,DEF,ENPPI; Al Mokawloon,,,771,43,Limited public recognition,Heuristic estimate,Low,Heuristic: lower-recognition/deep league section,
Mohamed Abdelrazek,Egypt,TBD,DEF,El Entag El Harby; Al Mokawloon,,,772,43,Limited public recognition,Heuristic estimate,Low,Heuristic: lower-recognition/deep league section,
Mohamed Abo El-Dahab,Egypt,TBD,DEF,Al Ahly; Al Masry,,,773,43,Limited public recognition,Heuristic estimate,Low,Heuristic: lower-recognition/deep league section,
Mohamed Alaa,Egypt,TBD,GK,El Gouna; National Bank; Egypt NT pool,,,774,43,Limited public recognition,Heuristic estimate,Low,Heuristic: lower-recognition/deep league section,
Mohamed Attwa,Egypt,TBD,DEF,Al Ittihad Alexandria; Al Masry,,,776,43,Limited public recognition,Heuristic estimate,Low,Heuristic: lower-recognition/deep league section,
Mohamed Camara,Guinea,TBD,DEF,Haras El Hodoud; Smouha,,,777,43,Limited public recognition,Heuristic estimate,Low,Heuristic: lower-recognition/deep league section,
Mohamed El Sayed,Egypt,TBD,DEF,El Entag El Harby; Al Mokawloon,,,778,43,Limited public recognition,Heuristic estimate,Low,Heuristic: lower-recognition/deep league section,
Mohamed El Wakeel,Egypt,TBD,GK,Misr Lel Makkasa; Tala'ea El Gaish,,,779,43,Limited public recognition,Heuristic estimate,Low,Heuristic: lower-recognition/deep league section,
Mohamed Essam El Taher,Egypt,TBD,MID,Smouha,,,780,43,Limited public recognition,Heuristic estimate,Low,Heuristic: lower-recognition/deep league section,
Mohamed Fakhri,Egypt,TBD,MID,Pharco,,,781,43,Limited public recognition,Heuristic estimate,Low,Heuristic: lower-recognition/deep league section,
Mohamed Gamal,Egypt,TBD,DEF,El Dakhleya; Petrojet,,,782,43,Limited public recognition,Heuristic estimate,Low,Heuristic: lower-recognition/deep league section,
Mohamed Hamdi,Egypt,TBD,DEF,ENPPI; Pyramids,,,783,43,Limited public recognition,Heuristic estimate,Low,Heuristic: lower-recognition/deep league section,
Mohamed Mostafa,Egypt,TBD,DEF,El Gouna; ENPPI,,,784,43,Limited public recognition,Heuristic estimate,Low,Heuristic: lower-recognition/deep league section,
Mohamed Nasr,Egypt,TBD,DEF,Ismaily; Smouha,,,785,43,Limited public recognition,Heuristic estimate,Low,Heuristic: lower-recognition/deep league section,
Mohamed Omar El Nour,Sudan,TBD,MID,Ghazl Suez,,,786,43,Limited public recognition,Heuristic estimate,Low,Heuristic: lower-recognition/deep league section,
Mohamed Ouattara,Côte d’Ivoire,TBD,DEF,Al Ahly; Petrojet,,,787,43,Limited public recognition,Heuristic estimate,Low,Heuristic: lower-recognition/deep league section,
Mostafa Abdelraouf,Egypt,TBD,DEF,ENPPI; El Dakhleya,,,789,43,Limited public recognition,Heuristic estimate,Low,Heuristic: lower-recognition/deep league section,
Mostafa Dowidar,Egypt,TBD,DEF,Ismaily; ENPPI,,,790,43,Limited public recognition,Heuristic estimate,Low,Heuristic: lower-recognition/deep league section,
Mostafa El Aash,Egypt,TBD,DEF,Ghazl El Mahalla; ZED; Al Ahly,,,791,43,Limited public recognition,Heuristic estimate,Low,Heuristic: lower-recognition/deep league section,
Mostafa Shakshak,Egypt,TBD,MID,ENPPI,,,792,43,Limited public recognition,Heuristic estimate,Low,Heuristic: lower-recognition/deep league section,
Mostafa Soltan,Egypt,TBD,MID,ZED,,,793,43,Limited public recognition,Heuristic estimate,Low,Heuristic: lower-recognition/deep league section,
Mostafa Zaghloul,Egypt,TBD,DEF,Al Mokawloon; Wadi Degla,,,794,43,Limited public recognition,Heuristic estimate,Low,Heuristic: lower-recognition/deep league section,
Omar Osama Hassan,Egypt,TBD,MID,ENPPI,,,795,43,Limited public recognition,Heuristic estimate,Low,Heuristic: lower-recognition/deep league section,
Omar Salah,Egypt,TBD,GK,Zamalek; Smouha; Al Mokawloon; Petrojet,,,796,43,Limited public recognition,Heuristic estimate,Low,Heuristic: lower-recognition/deep league section,
